eborrington0@go.com,3ogOMgRAkXD,51808 Bluejay Trail,417 626 3511,Elwira Borrington
twint1@studiopress.com,Z8zMi9MBk,65555 Bashford Crossing,413 839 8696,Tracey Wint
epenchen2@symantec.com,T1dREBVVhx,78 Mallard Junction,234 891 2393,Elnora Penchen
dlucock3@dyndns.org,99MQc88sPc,18601 Sycamore Park,816 763 5094,Dennison Lucock
mpogson4@tinypic.com,UVFDwdVJx4,17 8th Court,798 372 8553,Mag Pogson
jschubuser5@gmpg.org,WeUmtqGVH0Yu,1 Main Junction,451 295 6710,Jeromy Schubuser
ltilliard6@istockphoto.com,x4AyE7r0,74075 Lighthouse Bay Court,526 504 1043,Leeanne Tilliard
zspain7@about.com,sZh6M3pF05Ra,937 Armistice Alley,369 818 0821,Zacharie Spain
bhannaford8@dedecms.com,pMzsRO,91 Bowman Parkway,519 379 7680,Bernadina Hannaford
nwoodburne9@domainmarket.com,vdE3MNIywUg,85 Forster Park,259 426 0889,Nealson Woodburne
cglencorsea@bloomberg.com,7mjAELvDE5K,57 Columbus Pass,489 490 8974,Carlo Glencorse
gaxellb@icq.com,m2HAFP2ZL,1755 Tennyson Court,430 517 6139,Gayler Axell
cskacelc@blog.com,mz4VAj96nDe,490 Mcguire Road,602 821 6471,Christiane Skacel
ewhytemand@webmd.com,10tnuvi5b,57353 Westport Terrace,637 739 8894,Ebony Whyteman
atimblette@bbb.org,ebYqN7OeIjWY,77 Maryland Crossing,593 761 1909,Alphard Timblett
rmcdougallf@e-recht24.de,PdH2EPF2S9,0656 Fordem Point,441 980 9053,Robinet McDougall
fshinfieldg@flickr.com,pNlEJmxg,5258 Farwell Crossing,812 764 2267,Farlay Shinfield
emowlesh@cargocollective.com,hE9YPs3CwBx,5 Debs Drive,811 815 7224,Erna Mowles
wlilleymani@pen.io,gORNyAxKOR,932 Meadow Vale Road,149 495 8997,Warren Lilleyman
jjakovj@miibeian.gov.cn,gJA42VytrEKO,74317 Ilene Alley,660 103 7868,Julianne Jakov
jcahank@edublogs.org,rKoo5G3LrlFf,7 Coolidge Hill,857 413 8571,Jeramey Cahan
twrotchfordl@hibu.com,XjBNmC6G8M,8778 Dixon Terrace,121 344 5344,Tonie Wrotchford
zalderseym@cornell.edu,GhLiMM5,9652 Kingsford Place,488 356 3345,Zondra Aldersey
zcurnern@whitehouse.gov,VQJYpok,2264 Twin Pines Way,341 514 0285,Zahara Curner
ahonnicotto@vistaprint.com,Cb2Ha2W,31860 David Parkway,724 202 9248,Aldric Honnicott
cbromeheadp@engadget.com,hGIua4yGff,5 Menomonie Junction,517 310 8504,Codi Bromehead
loq@prweb.com,NLCHql58MU,8 New Castle Park,656 390 4832,Ludwig O' Shea
mdecreuzer@ow.ly,8w138wMRx,6669 Graceland Crossing,227 335 1123,Mandi Decreuze
ijaggs@about.com,Hvo7slXO,752 Columbus Parkway,730 341 4675,Inge Jagg
apaulicht@google.es,pxHeW6OXy02,0 Sundown Circle,101 309 8099,Aaren Paulich
rsuerzu@t.co,8G67SzTf,5 Cody Point,335 691 1855,Ralina Suerz
amorsleyv@delicious.com,bTqY6ChOo,316 Eastwood Park,510 803 8082,Agace Morsley
acianniw@toplist.cz,JM6YIsQrJQxi,314 Commercial Plaza,246 496 0987,Aggy Cianni
bwarrackx@statcounter.com,tMSz4J,3602 Westport Point,722 235 1300,Bernice Warrack
spiscottiy@sciencedaily.com,ZtlTiDCk9if,03 Schiller Circle,605 210 0265,Shanda Piscotti
asickamorez@booking.com,icvvjGhFyl,39697 Emmet Parkway,684 115 7325,Andonis Sickamore
bgrigoryev10@sciencedirect.com,EOgIvOJT,87939 Upham Park,697 477 7281,Barnett Grigoryev
gdaouse11@psu.edu,5c8A2VzjTwJX,90553 Esker Drive,536 151 1422,Gunilla Daouse
bzienkiewicz12@wsj.com,zsD0Q6Bke,0 Birchwood Place,685 947 3158,Bendite Zienkiewicz
mschukert13@salon.com,DBBmabzor6A,377 Jay Circle,466 983 9772,Maitilde Schukert
jlinnemann14@printfriendly.com,tMEIEffF96B,93997 Monica Hill,924 576 4289,Jeffie Linnemann
rgorke15@ask.com,BNYrpH5GstWX,68296 Hintze Place,315 353 5365,Rufus Gorke
ede16@wikispaces.com,9FGWFE,61 Main Hill,824 682 3799,Evangeline De la croix
gingry17@people.com.cn,m7zKQNAxDXf,04792 Havey Trail,164 333 9887,Giraud Ingry
rcafferty18@shareasale.com,fozVJ2CDl0G5,13 Lake View Crossing,798 235 0772,Ric Cafferty
aoldroyde19@t-online.de,zTygXk2s,93432 Morning Street,733 533 1923,Antonin Oldroyde
jdunn1a@washingtonpost.com,8Y9t39FSBNz,3306 Duke Hill,830 886 7050,Jaime Dunn
lperrins1b@discuz.net,T5dVGDxUd,12 Straubel Drive,600 729 1053,Lucila Perrins
ccoatman1c@auda.org.au,p9CaIFhC,633 Lillian Drive,109 571 0826,Cassaundra Coatman
fjurn1d@mysql.com,p5TzY9UVvZC,9 Clemons Place,573 212 1282,Finley Jurn
slarking1e@privacy.gov.au,3cd12FeTrUQK,94 Morningstar Circle,178 917 3973,Sidoney Larking
cdrioli1f@reference.com,1uHs8mSme6B,562 Dorton Point,172 331 6408,Chauncey Drioli
blink1g@mozilla.org,qO58kQsGi,0850 South Circle,850 819 4831,Brennan Link
ecrathorne1h@tripod.com,QFPrPlz1l3Y,3 Goodland Court,798 920 9249,Estele Crathorne
sjansky1i@newsvine.com,I2KB2w,93606 Nobel Way,378 320 2345,Shirleen Jansky
hmazzeo1j@businesswire.com,osiUw9JF1,30 Glendale Way,280 305 2023,Herta Mazzeo
lupcott1k@netvibes.com,FekmnVVdHg,50250 Elka Park,563 754 0689,Larine Upcott
awadley1l@cdc.gov,2aZHFv,0 Hoffman Lane,619 302 2115,Angelina Wadley
ecockerton1m@icq.com,uCTNJgsYvp,47 Mcguire Park,979 924 5594,Evered Cockerton
helliss1n@indiatimes.com,uS5pgA3JPe,5 Hansons Center,177 411 4776,Hi Elliss
stallow1o@reddit.com,fU8jMjoj4,43015 Briar Crest Crossing,572 777 2045,Stearn Tallow
dleeder1p@wix.com,HoByQG,95485 Grayhawk Drive,418 541 8355,Dwight Leeder
jcorten1q@nyu.edu,yUgOqw,8 Jay Crossing,517 859 6687,Jon Corten
usiderfin1r@sina.com.cn,SGPZyJ,28 Northridge Way,388 110 5226,Ulrica Siderfin
arolance1s@amazon.de,SObwF9,564 Londonderry Street,455 194 9954,Anestassia Rolance
rpasquale1t@nytimes.com,QgD81SlgjXdj,15592 Lindbergh Hill,946 248 2973,Raffarty Pasquale
smckerton1u@apple.com,zxjG51o,1 Sullivan Crossing,884 249 2630,Skip McKerton
hpeltz1v@reddit.com,sGxNQILrPF,91 Novick Park,913 985 3768,Hector Peltz
lde1w@independent.co.uk,pap1EA3gUlln,9359 Bonner Terrace,790 819 6436,Lucian De Launde
imclorinan1x@webnode.com,dYekeZ5WBd,07 Shopko Pass,891 933 9995,Ives McLorinan
dwhitecross1y@is.gd,itMQGqY6,83660 Maple Alley,587 476 0076,Dianne Whitecross
lstarie1z@theglobeandmail.com,CUdTsW,3909 Mendota Point,731 824 7098,Livia Starie
dklein20@sciencedirect.com,ArarkFInkSpz,0155 Pearson Lane,844 280 0459,Deloria Klein
sudie21@wiley.com,gfjc827PDQ,97 Pennsylvania Plaza,851 964 5624,Shelia Udie
ehaddleston22@hibu.com,Q5DxUr55Gz,5700 Petterle Court,810 114 2552,Ethyl Haddleston
dlovstrom23@techcrunch.com,vCk2li,0012 Scofield Park,857 337 6984,Daryl Lovstrom
nmoppett24@histats.com,02KvTgJ78x,02 Goodland Alley,678 672 6545,Nola Moppett
nbrindle25@infoseek.co.jp,iacJtn7Ws,894 Lakewood Gardens Trail,479 828 7655,Nicol Brindle
ebirch26@tripadvisor.com,eP80f9A,96 Fordem Alley,504 557 4540,Elsi Birch
lgensavage27@tinyurl.com,HkvVTMlwcymY,7 Forest Hill,561 230 3934,Leigh Gensavage
rsymon28@un.org,QipeNhN,403 Village Green Way,465 592 2379,Rahal Symon
tshotton29@biblegateway.com,OGGgx2w,54605 Pleasure Way,724 109 8392,Terri Shotton
jeadmead2a@sohu.com,EPlXJmJxz,8021 Cambridge Avenue,713 318 6287,Jackie Eadmead
brubartelli2b@google.com.br,7oQPODY,9155 Mitchell Circle,792 762 8964,Brena Rubartelli
adobsons2c@addtoany.com,KiwBCFKtI,7936 Pleasure Parkway,493 194 6203,Appolonia Dobsons
gbredes2d@dion.ne.jp,gf0wXcQUL,641 Hintze Drive,586 619 7887,Gaylord Bredes
slangthorne2e@about.com,pmf63e5idc,78891 Huxley Park,951 993 7539,Selig Langthorne
cbernardez2f@jalbum.net,93P8UD6w,99470 Commercial Court,385 149 7448,Cristin Bernardez
mcundict2g@mit.edu,3muFIa6s,7481 Sunfield Crossing,456 483 8336,Marlane Cundict
rmacklam2h@foxnews.com,MggTOnvxc,607 Boyd Hill,748 144 4760,Rosemaria Macklam
aburnip2i@naver.com,CUBybxvUV,2 Kings Avenue,257 228 7699,Alaric Burnip
klongmore2j@ezinearticles.com,WgkkhD,6204 Ridgeview Terrace,715 692 5966,Kim Longmore
bobee2k@msu.edu,TMvZxpU,387 Rieder Way,115 609 1224,Brewster Obee
qmottini2l@seesaa.net,5VKdu5,8 Maple Point,383 179 6649,Quincy Mottini
lmcaster2m@1688.com,9r8ZTi,65 Scoville Street,216 173 3900,Lexy McAster
ecoop2n@fastcompany.com,V1v3JD1CQMq9,335 Gulseth Lane,205 750 5327,Eberto Coop
sruncieman2o@merriam-webster.com,GoLwS0bXa,9252 David Circle,705 517 5961,Seth Runcieman
jmacmoyer2p@mayoclinic.com,WSnIHw5,4 Vernon Avenue,659 349 1341,Jim MacMoyer
sswett2q@va.gov,4WInaOcgIF9J,70 Eggendart Crossing,616 351 3670,Shelbi Swett
csedman2r@goodreads.com,RDCaNIxN7gw,32541 Golf Road,409 770 4695,Catherina Sedman
eadamiec2s@timesonline.co.uk,vaWqooJkdTC,3 Calypso Street,838 520 9328,Ebba Adamiec
bewings2t@elpais.com,CBmRFmUN,43 Esch Drive,966 158 2420,Bamby Ewings
hcroney2u@dedecms.com,WTi2RAlpfX,0 Caliangt Center,359 566 8115,Herve Croney
bdrakers2v@ca.gov,i6Ii95R5XJI,82656 Porter Plaza,312 763 7675,Billye Drakers
edudin2w@virginia.edu,OqWP1qMbRH20,918 Westridge Avenue,470 668 0866,Eadie Dudin
esibille2x@blogs.com,XGpNDmvSyu,1 Kedzie Junction,662 412 8614,Elijah Sibille
mrosendale2y@dion.ne.jp,JPvI4i,1738 Dakota Junction,773 265 1717,Mercy Rosendale
tmelding2z@dailymail.co.uk,MK979WbV,33 Linden Point,841 907 8547,Tadeas Melding
promeril30@clickbank.net,AvBC8cy,328 Mandrake Parkway,252 468 4977,Paolo Romeril
aedwards31@pcworld.com,JEP1in19Er,99136 Towne Parkway,374 412 5571,Alia Edwards
nbagg32@noaa.gov,jDCDDYB56Z,00 Jana Hill,580 947 5463,Nicolle Bagg
alevis33@51.la,l882kwY,09079 Everett Parkway,416 623 7483,Adamo Levis
casher34@ucoz.com,S42Jm9Jepyi,9 Bunting Hill,355 663 0439,Cecily Asher
cdempster35@webnode.com,VlJsOyhNLii,72990 Pepper Wood Street,368 208 1148,Claudelle Dempster
bwisdom36@hibu.com,3q9y2lyq,15871 Laurel Point,122 802 8044,Brucie Wisdom
mandreev37@cafepress.com,WoIHQAGfPN,7791 Melrose Hill,498 598 7255,Milty Andreev
chughlin38@google.co.jp,0mO8vouO3,5025 Havey Park,407 992 2573,Christian Hughlin
eperkis39@google.com.au,CwuSvL8,77 Fordem Parkway,508 125 8854,Evan Perkis
dbourke3a@webmd.com,m9IAV4jA,89273 Oak Place,446 154 3962,Dulcine Bourke
rvakhrushev3b@usda.gov,3wzfvEW7,110 Moland Trail,614 832 9739,Rivalee Vakhrushev
so3c@wired.com,dV0VGwfv9ZB,26197 Columbus Road,357 266 6305,Shell O' Scallan
fbleddon3d@smh.com.au,mStoGX65li1,736 Straubel Hill,968 373 5459,Felizio Bleddon
elejeune3e@abc.net.au,2F5egn8RC2,1 High Crossing Point,915 396 9491,Eugenio Lejeune
adilliston3f@oracle.com,gWskJp3tfb,148 Lien Alley,219 264 5963,Amelina Dilliston
ajachimak3g@rambler.ru,D57ThpjWV4oL,3 Doe Crossing Junction,543 415 3651,Aidan Jachimak
pgouldstraw3h@bloomberg.com,TauauGKgy9WZ,85608 Mayfield Alley,239 176 9860,Paddy Gouldstraw
rbuchan3i@google.ru,N4Mdyum,0 Clemons Place,987 426 0374,Reinhard Buchan
tbarajaz3j@studiopress.com,FcMuaiRy13,3 Butterfield Drive,353 796 6184,Tamera Barajaz
owarkup3k@ucoz.ru,blHpdvn4XG,1275 Surrey Road,374 333 2186,Olimpia Warkup
sbattson3l@google.com.hk,c3XpGj,177 Eagan Crossing,447 612 7609,Sigfrid Battson
hjanney3m@army.mil,BC3T9aPMld,4444 Havey Trail,910 830 1209,Harbert Janney
pfirth3n@salon.com,yQ9bkNk5q,070 Muir Alley,994 645 1487,Phineas Firth
bwiddocks3o@accuweather.com,OJ3M1zft4pp,3 Mayer Point,602 977 2312,Blondelle Widdocks
nattawell3p@geocities.jp,izW9p2Tw6CK,399 Service Place,907 726 4127,Nancy Attawell
bsanderson3q@amazon.de,qPLddieE0,83335 Kenwood Place,175 810 1003,Brigg Sanderson
kscrivens3r@google.com.au,fYElWieYC5O,11761 Morrow Circle,465 625 8468,Kassi Scrivens
ntennewell3s@bing.com,oJmITm,659 Russell Center,138 910 4359,Nertie Tennewell
mreade3t@ifeng.com,wGKr983Hcm,2 Memorial Trail,874 822 9506,Meier Reade
wnoore3u@last.fm,KYMjliiGLg,45 Hermina Lane,618 837 3295,Waverley Noore
jtansey3v@cafepress.com,si20pyNm,2440 Hovde Plaza,373 501 3126,Joyous Tansey
ocommings3w@harvard.edu,W6c1jyo,3 Kenwood Drive,271 919 5083,Orson Commings
mandree3x@lycos.com,z53OHiry,264 Forest Run Alley,336 276 4785,Marris Andree
ecabrer3y@amazon.de,fGfT0y3,71 Doe Crossing Junction,590 191 2331,Erek Cabrer
nknottley3z@nyu.edu,94EUvIvl,9829 Annamark Crossing,411 768 9233,Nance Knottley
dantao40@telegraph.co.uk,hc2iw7hCH,86084 Golf View Trail,320 882 0758,Decca Antao
mwiddowfield41@blogspot.com,gi8wqL5xsbj,2528 Fairfield Road,509 366 4606,Marcel Widdowfield
mwortman42@so-net.ne.jp,YwfHSufAiFj,6047 Messerschmidt Plaza,166 167 2751,Monika Wortman
ldarkins43@prweb.com,iTIFY6h,6907 Dennis Crossing,187 951 1885,Lief Darkins
akiehne44@cafepress.com,pDAPFzLNGgN,321 Valley Edge Parkway,451 183 0373,Anette Kiehne
rgooddie45@npr.org,ES3lNf,7189 Kim Center,517 730 9503,Ricardo Gooddie
fthamelt46@technorati.com,NPBLdn2XTW,96211 Mendota Terrace,342 780 1752,Freddy Thamelt
adows47@flavors.me,5KVmqcGZRgIq,1 East Pass,589 996 8377,Augusto Dows
smoores48@webmd.com,nl6QNj,98186 Village Parkway,541 231 9489,Scotty Moores
gfontes49@altervista.org,C5bSfxx4QLM,364 Algoma Trail,135 389 3845,Glenine Fontes
fskrines4a@1688.com,o8MJ3zSdP,16165 Bayside Hill,879 504 5848,Fania Skrines
vtomblett4b@yandex.ru,C7sTWXbg,2 Merry Trail,545 746 8757,Veronique Tomblett
co4c@soundcloud.com,ZNKUHGfupPk,96 Sutherland Avenue,220 108 5100,Cally O' Flaherty
afaichney4d@zimbio.com,Wc51NJm,06722 Kropf Center,480 139 0762,Ann-marie Faichney
iglasscoe4e@moonfruit.com,qEDAgRb,72 Eagan Hill,476 758 4947,Ira Glasscoe
manlay4f@opensource.org,CtGHNXYL,24067 Mccormick Way,557 279 2507,Morly Anlay
lcroucher4g@army.mil,bkzvzw1KtA82,2 Manitowish Place,196 776 3508,Layla Croucher
jbeeke4h@bloglines.com,GqNbHWbCiaN,138 Farmco Pass,133 814 6677,Jamesy Beeke
fkearsley4i@guardian.co.uk,nMibg1,499 Pepper Wood Place,994 174 9051,Fraser Kearsley
oarnaldo4j@wordpress.com,6Dt2ZRllM6,934 Ridge Oak Alley,106 720 0510,Olympie Arnaldo
dciciotti4k@posterous.com,9rmoL2B,37 Donald Pass,438 201 1871,Dorita Ciciotti
neivers4l@youku.com,5JOPJtuOC1Y6,00 Monica Junction,259 652 9752,Noach Eivers
geilhermann4m@webnode.com,41m5CQLEE3,7 Vidon Alley,507 176 9371,Godart Eilhermann
zdrewe4n@netvibes.com,mnCr2sr,03494 Rockefeller Hill,686 167 0486,Zonda Drewe
mruggier4o@gizmodo.com,CYPSFevynQvn,273 Carey Street,593 924 7156,Myriam Ruggier
komeara4p@jiathis.com,3RTC0K,2607 Elgar Junction,295 166 1492,Katina O'Meara
pkeatch4q@dropbox.com,Q99dOTIy,7959 Center Crossing,569 140 5409,Paolina Keatch
fjohnigan4r@behance.net,C338AEZLE,26 Bowman Pass,754 948 4458,Fredelia Johnigan
mrowlings4s@taobao.com,9XrgFaY4W9L,9 Village Street,134 289 4762,Milicent Rowlings
mfrome4t@macromedia.com,uPajGtFKFxj,5 4th Lane,764 487 1615,Meris Frome
mjanoschek4u@123-reg.co.uk,yjwj7OfJHSK,58 Graceland Avenue,541 255 4637,Meyer Janoschek
acookes4v@dmoz.org,Z05Or4EN,90 Farragut Point,323 388 5214,Alia Cookes
cdulin4w@blinklist.com,NztuBuKVD,05257 Thierer Terrace,356 505 2929,Corella Dulin
cratley4x@weather.com,RiXmmb7e,4 Hanson Terrace,988 882 2446,Crystie Ratley
leidelman4y@technorati.com,BB76w5,318 Oak Road,869 683 0893,Leighton Eidelman
achettle4z@un.org,xe2QCTMrCCh,2874 Monument Circle,512 952 5212,Arabel Chettle
bjorgensen50@youku.com,wqzDgp,0 Pennsylvania Park,705 598 7901,Bethina Jorgensen
wkaradzas51@marriott.com,9XjRKoKe,455 Old Shore Drive,167 735 0280,Wenonah Karadzas
wtimblett52@php.net,6dtnWyWM3rY,054 Cottonwood Parkway,782 512 0545,Waldon Timblett
ngaze53@i2i.jp,sgvexlix,0 Hudson Plaza,468 725 6477,Nehemiah Gaze
hguye54@soundcloud.com,XZYrV5wy,75074 Del Sol Park,812 657 6025,Haroun Guye
iszymczyk55@barnesandnoble.com,6eboT8,5 Del Mar Drive,119 645 0232,Irving Szymczyk
gspinetti56@godaddy.com,jNDPsnf,0 Shoshone Road,862 176 1865,Gustaf Spinetti
kburchfield57@japanpost.jp,LQe6zvkYR,706 Garrison Alley,161 968 9336,Keelby Burchfield
vavory58@yahoo.co.jp,hyLCgOD21U3,71 Maple Way,700 645 2562,Valentine Avory
gbagguley59@columbia.edu,E09QL2Bpgq,70 Welch Alley,761 628 8517,Grant Bagguley
lwinsiowiecki5a@dropbox.com,OpX3ttjW,5 Corben Junction,667 809 6701,Loralyn Winsiowiecki
ndymoke5b@theatlantic.com,SiREXRQu,236 Main Junction,369 125 3045,Nike Dymoke
mcroot5c@printfriendly.com,2tGa3ELbmDx,8063 Arrowood Park,537 223 1811,Maje Croot
jwimlet5d@home.pl,w7Hbani9,2833 Grayhawk Court,817 890 8645,Jozef Wimlet
gliggens5e@facebook.com,HGTWZ9mURdc,78373 Brentwood Terrace,816 565 9447,Gussi Liggens
ejanic5f@purevolume.com,GL8pnDmNPgu,5 Maple Way,767 159 7735,Edvard Janic
aspittall5g@desdev.cn,p5i9fIFwcp2,42 Dennis Pass,899 309 8325,Aridatha Spittall
tizon5h@webs.com,nzkK7bqs4pCi,95 Bayside Trail,934 396 6523,Tate Izon
rchilderley5i@i2i.jp,Q5dozZLI,25 Jenifer Crossing,687 382 2039,Renell Childerley
zsouthworth5j@friendfeed.com,HnWP1fYhiwqw,42978 Cambridge Hill,550 928 8265,Zaria Southworth
rcrutchley5k@sakura.ne.jp,V7435ZvB2b3m,90141 Logan Circle,354 741 6963,Rafaello Crutchley
rbavin5l@sciencedaily.com,DajbCI,02393 6th Crossing,118 641 7804,Remy Bavin
bcabrara5m@umich.edu,lRzPx6,86 Waxwing Point,717 368 5926,Bobina Cabrara
sdowson5n@nytimes.com,4PaXgqNoD,8753 Victoria Park,940 254 4936,Sheffy Dowson
ahallick5o@arizona.edu,VZLs78kJ,3668 Village Green Center,473 296 0869,Arabella Hallick
cbisco5p@hugedomains.com,1AIh1FEVNYe,1879 Talmadge Plaza,315 805 8641,Creight Bisco
sbockler5q@tripadvisor.com,Su8Ocm9qAP0,358 Anderson Crossing,488 863 0028,Susanne Bockler
fcampagne5r@ow.ly,V3cuPPm,37247 Crowley Hill,568 992 3999,Fae Campagne
bboutton5s@webeden.co.uk,W4E3rtDLosWP,096 Bowman Park,683 701 8737,Bella Boutton
rpretswell5t@mashable.com,7HxJHd,105 Bultman Crossing,979 906 7220,Renie Pretswell
jdunlap5u@bravesites.com,MelzhNKEJWV,433 Rieder Junction,884 886 0580,Jack Dunlap
brenn5v@indiegogo.com,piyXaAZ,2 Surrey Pass,508 472 9414,Bax Renn
ahousecroft5w@youtu.be,6n6VKRl,937 Warrior Terrace,872 120 5962,Ariel Housecroft
abeslier5x@yolasite.com,XnaJmoX9QOK,093 Stephen Drive,308 400 1144,Arley Beslier
cmurcutt5y@studiopress.com,Wl7eHW,3700 Shelley Center,915 896 2289,Candide Murcutt
agodridge5z@webs.com,6HAr9z7IF6CY,71403 Lawn Crossing,197 935 0937,Allan Godridge
ssoares60@phoca.cz,kRotzDNLQM,690 Jenna Lane,996 207 6288,Sherwood Soares
ksworder61@moonfruit.com,jWxN3ZTzhr,5 Blue Bill Park Crossing,464 606 7620,Kippy Sworder
besser62@themeforest.net,4JtdLIu,376 Bowman Crossing,465 800 9224,Blakelee Esser
tmagauran63@google.it,OLG6hqr,035 Badeau Alley,440 761 7017,Tanner Magauran
wpossel64@jugem.jp,zneyH5DlIzO,1224 American Avenue,669 236 5460,Wolf Possel
mlorenzetti65@dion.ne.jp,zpiGoxPzJK,6 Reinke Place,587 724 1080,Mignonne Lorenzetti
tstoven66@yellowbook.com,8NgwqXYOKr,32 Sullivan Point,392 636 8927,Terrell Stoven
ncuerda67@list-manage.com,iIoOVAGw,69360 Sherman Place,312 963 7884,Nickolas Cuerda
jcrumley68@theguardian.com,EiryO6Gi,0 Granby Junction,398 241 4082,Julee Crumley
hjonczyk69@ameblo.jp,H0WAQIAa1,8941 Emmet Way,504 455 7590,Hayward Jonczyk
crosenstock6a@networkadvertising.org,KB3Uns,1169 Macpherson Alley,460 440 8935,Connie Rosenstock
bdonald6b@yale.edu,BHNiF6nEGU,3 Service Way,374 613 2231,Blair Donald
lburcher6c@prnewswire.com,8mqsLsf,26 Mitchell Hill,915 241 5783,Loise Burcher
dnapton6d@upenn.edu,DZrA1L,77 Clyde Gallagher Hill,378 761 7574,Dewitt Napton
ngambrell6e@google.co.uk,SVDgwR4V,341 Trailsway Road,792 767 4342,Nap Gambrell
jverick6f@mozilla.com,0PHE0A7,1 Logan Alley,281 228 4203,Jeth Verick
bclace6g@ucsd.edu,1Gs2nPme,603 Old Shore Crossing,683 768 4420,Brook Clace
cnewark6h@blogtalkradio.com,2hwn2tO,1056 Division Alley,756 433 1226,Clarita Newark
qpettett6i@google.cn,AKsrsI2Nh7u,5 Hintze Road,400 532 0069,Quentin Pettett
tvakhrushev6j@sohu.com,D1RcjCX9M,51946 Nobel Pass,837 756 3962,Timmy Vakhrushev
agwyther6k@deviantart.com,MA3Svw,3323 Waxwing Way,683 146 0415,Abran Gwyther
rstrowlger6l@goo.gl,EITcxG,0488 Cambridge Drive,302 857 6453,Reyna Strowlger
bcovey6m@go.com,Ed0XT3szUjvU,179 Sutherland Road,705 666 6846,Bailie Covey
amcgurn6n@ovh.net,ywCN8OL4Nl,4 Spenser Road,876 455 6357,Aggi McGurn
smcsporon6o@weibo.com,8c8cLn,39 Leroy Road,291 408 0410,Salomi McSporon
cpincked6p@imageshack.us,evzoQM,88920 Harbort Road,957 568 1424,Cynthie Pincked
klemmertz6q@rambler.ru,jvr2XZe3B,066 Judy Place,767 249 9996,Kermie Lemmertz
hifill6r@europa.eu,UEG3zL,1925 Ilene Hill,642 540 5148,Heddie Ifill
kshwenn6s@thetimes.co.uk,ATU5CkCvz,3 Golf Course Court,940 701 2173,Keslie Shwenn
idurn6t@answers.com,YwyerNIbR7,1695 John Wall Drive,779 696 1309,Imogen Durn
mpoznanski6u@1688.com,PsORED,58346 Comanche Center,709 799 9244,Merrielle Poznanski
mjagoe6v@kickstarter.com,GOwplElUS,3 Blackbird Way,501 893 9602,Marlee Jagoe
sastall6w@nytimes.com,a9pQfw,60 Larry Circle,901 843 2308,Stirling Astall
eamos6x@drupal.org,86ZRujqBaGvq,59226 Meadow Vale Crossing,552 373 8198,Elvira Amos
rblaksland6y@google.es,dye3jpL,349 Golden Leaf Trail,630 458 1002,Ryan Blaksland
fkalvin6z@eventbrite.com,tcIMaWdI,608 Hayes Street,976 894 9864,Flossie Kalvin
pcorby70@domainmarket.com,KcIaRoA,88 Starling Place,320 644 9202,Prudence Corby
hchettle71@google.ca,zCO6JM,9772 Dryden Terrace,610 530 8879,Hewett Chettle
ndofty72@mapy.cz,4FP720,75388 Carpenter Lane,895 226 5161,Noam Dofty
apride73@photobucket.com,EFuWQCQn,1773 Fallview Point,281 804 3082,Ailee Pride
bhebditch74@mapy.cz,sdcuS3q,8749 Susan Plaza,506 128 1738,Barry Hebditch
dsuche75@hc360.com,UyMhQ2,1 Upham Avenue,445 947 9206,Denney Suche
gboulsher76@wordpress.org,XZAyYlF,2978 Susan Street,732 992 7701,Georgie Boulsher
bregler77@china.com.cn,RPLB76,190 Northport Court,837 564 3477,Bank Regler
hneiland78@microsoft.com,TTzu9xz,2 Almo Lane,836 680 9362,Hans Neiland
dpulteneye79@deviantart.com,6cKoW0M6,8037 Arkansas Junction,922 598 7588,Dom Pulteneye
pchilcotte7a@stumbleupon.com,HogIiSDa,575 Birchwood Pass,636 947 3060,Pernell Chilcotte
vhitzke7b@google.de,G9f5Iq,28068 Talisman Terrace,331 465 4490,Vail Hitzke
inajera7c@cbc.ca,n9IsX4,750 Redwing Alley,929 149 7032,Ingar Najera
ptompkin7d@utexas.edu,DlQW1ZOprP,2956 Dahle Drive,422 235 1410,Paolo Tompkin
egreenall7e@virginia.edu,BnqWmlPf,499 Briar Crest Alley,734 331 2154,Eugenius Greenall
nbrownhill7f@fotki.com,mCAljj,541 Packers Road,312 195 1584,Nikoletta Brownhill
mfeathers7g@youku.com,jvtQ51,36 Shasta Lane,597 773 0417,Margette Feathers
gcandlin7h@163.com,oGXU9BP,5260 Forest Plaza,325 192 0877,Genna Candlin
jrumgay7i@irs.gov,S26k2qHQY,8 Mitchell Lane,118 580 5849,Jennilee Rumgay
sduly7j@wired.com,EVGGso7G,882 School Road,875 372 1310,Shalna Duly
dridde7k@irs.gov,yXg6bOq4EB,6513 Kingsford Avenue,619 316 6345,Drud Ridde
lmaudlin7l@youtu.be,MbotuHwHy,23 Chinook Center,500 312 4513,Libbie Maudlin
lkmietsch7m@google.fr,cj6ZfFi6k,21106 Fisk Alley,809 392 6649,Levi Kmietsch
tseden7n@nasa.gov,v0AksNtd,71729 Elka Point,938 495 0713,Timmie Seden
datherley7o@amazon.de,ML6nMUo7xER,8 Westport Circle,566 912 2939,Danyelle Atherley
gyesinov7p@google.fr,6DCGxX,756 Heffernan Center,744 594 6528,Grover Yesinov
mmeasom7q@ihg.com,wfLyV9kuo,8 Judy Park,112 585 5846,Mindy Measom
gemmanueli7r@examiner.com,KC8mrVLSupx,6503 Colorado Place,939 484 0356,Garland Emmanueli
bvalencia7s@geocities.jp,gaE7e0RYmi,64141 Jana Pass,420 353 8824,Berky Valencia
cruger7t@google.cn,fEYtOA4dzA,706 Menomonie Place,235 484 6724,Cornelle Ruger
epittle7u@netscape.com,4n8Vr0cYdtt,5092 Fairfield Plaza,523 711 6554,Emma Pittle
mgibke7v@wiley.com,GwbzQklBnY,8 Bluejay Road,321 565 2829,Madel Gibke
rdavoren7w@livejournal.com,xfz2UuVT,08640 Tony Court,187 994 7852,Renaldo Davoren
eison7x@youtu.be,TyAIv2opu,9 Coleman Place,101 538 4988,Em Ison
ajeremiah7y@eventbrite.com,2nYKR1ktX,33 Fair Oaks Hill,558 425 3483,Austin Jeremiah
lalexsandrovich7z@bing.com,F3JhUYc,70 Del Mar Street,135 588 7288,Lynsey Alexsandrovich
acaven80@auda.org.au,9IZp35,4 Cardinal Crossing,405 609 4151,April Caven
ekeymer81@live.com,8BZoQcx,0 Surrey Place,660 429 7301,Ernst Keymer
ehiom82@is.gd,l58dibneH3D9,52 Mockingbird Alley,383 476 9514,Eimile Hiom
rlaven83@last.fm,ruEcp1Us,3915 2nd Park,689 928 2251,Rosene Laven
rabthorpe84@sciencedaily.com,uflekbYYax9,4420 Melody Junction,184 475 6621,Rawley Abthorpe
cmatula85@whitehouse.gov,H1zEGBt,044 Bluejay Point,971 458 1453,Claresta Matula
ysharvell86@accuweather.com,EtEjNDMTlzJa,47 Portage Way,347 581 0608,Yancey Sharvell
ccars87@bbc.co.uk,akr6RhX,6 Sycamore Street,361 168 4592,Craggie Cars
molennane88@china.com.cn,cpZ5HyfZK9,00 Londonderry Crossing,223 856 3639,Milissent O'Lennane
tfencott89@boston.com,thietZmkhP,2718 Carberry Terrace,128 235 2069,Tonnie Fencott
nlott8a@storify.com,5jZTpx,511 Drewry Center,640 931 2949,Nesta Lott
apeterson8b@ocn.ne.jp,M6xO5J3P6,7930 Brentwood Park,744 639 9582,Annelise Peterson
cgosker8c@pagesperso-orange.fr,NInSKFQX4e,6 Barby Park,390 557 7435,Culver Gosker
hcrus8d@oaic.gov.au,0XniRpvYAySN,8513 Summer Ridge Place,171 637 6816,Hadleigh Crus
wfollet8e@vimeo.com,agpnd4czr,401 Bartelt Plaza,121 493 3719,Willetta Follet
pjocic8f@noaa.gov,S2hsmmYwpn,596 Oneill Trail,482 231 1369,Patrica Jocic
idashkovich8g@ca.gov,cEgIOvbRH,65 Bartelt Junction,707 906 5845,Iona Dashkovich
dmccrow8h@cbc.ca,dCFPdE6,13891 Towne Road,824 663 8671,Dorette McCrow
iathy8i@cbc.ca,uxXNWleNFW,7149 Mayfield Court,613 898 7622,Irvine Athy
wretchless8j@boston.com,Jb8W9T2,6456 Kropf Court,940 287 6525,Winfield Retchless
nokerin8k@moonfruit.com,0NYVTUtBwLdU,0804 Maple Place,909 450 6118,Nydia O'Kerin
wcure8l@examiner.com,0fndQawXSw,8 Trailsway Terrace,286 739 1529,Winni Cure
sbittlestone8m@ted.com,mgdnqt6gvKDS,2 Lake View Road,696 297 4906,Sterling Bittlestone
pbullick8n@weibo.com,Emq3VOlMWm,74 Hayes Drive,653 945 7904,Paxon Bullick
dreolfo8o@amazon.de,mGJn6v8DHPSY,469 Vahlen Hill,448 787 2474,Dorette Reolfo
fkitteridge8p@trellian.com,FfzNzr,072 Crownhardt Center,654 883 5334,Felicdad Kitteridge
sastell8q@typepad.com,bhB6jC6HWy,188 Straubel Court,250 303 9338,Sallyann Astell
cmcphillips8r@nydailynews.com,NxoDf8,5 Chive Way,178 727 9429,Creight McPhillips
csobtka8s@intel.com,lrxTbZ,692 Chinook Way,180 795 3960,Chadd Sobtka
ccatterick8t@slate.com,uGXZBf,303 West Trail,640 825 4680,Clerc Catterick
mcornhill8u@feedburner.com,1ZSSNKFrZ2b,09183 Porter Junction,832 686 9874,Mickey cornhill
fburkart8v@skyrock.com,YfHmv4u,350 Fordem Alley,300 825 8932,Florenza Burkart
jbelding8w@ox.ac.uk,yqnEsb5r8,95680 Carberry Drive,646 132 4058,Judye Belding
skennally8x@zimbio.com,tLxuguzclEn,25 Aberg Place,316 374 7774,Stevana Kennally
gde8y@princeton.edu,g0gJU0,184 Lillian Avenue,750 198 8086,Gayleen De Andisie
ahairesnape8z@goo.gl,PlOKEFsMC,6525 Russell Avenue,519 388 0902,Alanson Hairesnape
eturnbull90@feedburner.com,BLlfOP,86732 Pepper Wood Avenue,636 221 5059,Elysia Turnbull
slerwill91@nih.gov,l0J7HBVOLYc6,25 Gina Place,726 367 6502,Shelli Lerwill
aharesnaip92@amazon.de,Q4haNuGMT,02 Maywood Circle,331 326 5091,Aloysia Haresnaip
jvedeniktov93@so-net.ne.jp,UD3TMTc3j,7 Melby Alley,899 964 5258,Joey Vedeniktov
jmcilwraith94@oakley.com,v2oZAjcoy9U,07 Stoughton Center,728 690 3779,Jodi McIlwraith
pgray95@un.org,7OylyMgx,2499 South Street,279 664 4885,Paquito Gray
jarangy96@theglobeandmail.com,Npp9NQvheI,372 Kings Point,520 761 4437,Jodi Arangy
dnapton97@washingtonpost.com,zHyOVW,230 Carberry Terrace,147 563 6179,Daron Napton
usaterthwait98@vinaora.com,LZPkO8,6107 Carberry Lane,860 424 2516,Ula Saterthwait
lgerauld99@census.gov,Wj9w65RB0m3I,185 Kings Parkway,281 758 7556,Lemmie Gerauld
rvivyan9a@google.it,gu6YmL,674 Surrey Crossing,842 827 5532,Rudy Vivyan
gbayldon9b@godaddy.com,BEvEwnS,81 Westridge Alley,878 638 2062,Gilles Bayldon
webi9c@blinklist.com,Ov8YZFDHpf38,3458 Comanche Circle,276 680 1624,Winslow Ebi
rsmitheman9d@harvard.edu,FJ2OzHv,701 Farmco Circle,594 614 8585,Ruperto Smitheman
izamora9e@ebay.com,caxuptHBW4na,0929 Lyons Point,794 400 0515,Irvin Zamora
elovitt9f@creativecommons.org,OL9X8lZRM,5455 Northfield Avenue,986 399 0024,Ewell Lovitt
lbrooksbie9g@digg.com,6OSvNE0Nm9,85 Redwing Point,375 881 3493,Lida Brooksbie
ljanota9h@tinypic.com,znrz68rt,62901 Corry Lane,264 976 7313,Lev Janota
bmancell9i@wsj.com,QWgD15k5T,2 Moose Drive,950 403 8244,Bailie Mancell
dsherwood9j@creativecommons.org,FzrTGYscQi,48 International Trail,212 326 6045,Dre Sherwood
llisciandro9k@xinhuanet.com,GNnqp6,4 Marquette Park,169 776 7904,Lilas Lisciandro
dmoulin9l@admin.ch,cNncWN85,83801 Northridge Circle,551 668 5624,Domini Moulin
rmoody9m@indiatimes.com,1SfDVs,2 Reindahl Center,263 606 0920,Rahal Moody
aheap9n@mashable.com,yxD7vi,865 Talmadge Way,651 117 7484,Ali Heap
mfeasey9o@miibeian.gov.cn,VdnuoX67zC,77029 Hooker Avenue,597 782 1786,Merola Feasey
gdunseath9p@china.com.cn,2O6w5guNwZ,1 Spenser Park,625 992 0749,Grannie Dunseath
sroddell9q@marketwatch.com,vaQyIhUmbVi,39 Nevada Circle,535 822 6119,Saloma Roddell
ecristou9r@jiathis.com,orlv8Sqh9jt0,740 Quincy Plaza,898 110 1811,Eldridge Cristou
kclem9s@dailymotion.com,SiO2FcB35W,892 Stone Corner Street,702 696 1624,Kinna Clem
kiacapucci9t@behance.net,nPJsTOh,886 Dunning Court,549 779 2205,Kelly Iacapucci
vwoodroof9u@kickstarter.com,6vdT2PkQ4E,207 Arrowood Park,780 524 5476,Vernon Woodroof
thaulkham9v@bandcamp.com,BhZMBDHJSq8,867 Nancy Court,734 211 5708,Tiena Haulkham
rdenziloe9w@ehow.com,XS0kw2S1pL,11387 Calypso Road,323 817 8022,Remy Denziloe
bamott9x@sakura.ne.jp,ZOOFddC5,5 Schurz Road,217 163 3213,Bendick Amott
fcristofor9y@sakura.ne.jp,NBT00Sli9eBL,53 Charing Cross Park,352 637 1018,Felizio Cristofor
sscardifeild9z@hexun.com,PrmTNXY1O38,2453 Lake View Pass,972 685 3911,Sergent Scardifeild
kvoasea0@ebay.com,55F3MKAIg,64306 Valley Edge Circle,338 366 1080,Kristoffer Voase
kdowa1@senate.gov,UaLMx2u,37 Express Point,747 929 3076,Kaine Dow
ehinzea2@instagram.com,Qk6BNIyBh,494 Ridge Oak Way,704 747 5426,Ellie Hinze
aandreazzia3@bandcamp.com,uyv1vlP,5 Doe Crossing Way,672 991 9221,Arnold Andreazzi
lsyddalla4@spiegel.de,tzBuADWIV,89 Dayton Circle,755 520 4226,Les Syddall
drufa5@dropbox.com,KgAZud,415 Kings Way,267 257 2815,Dionis Ruf
pveschambesa6@wp.com,ov4HkRbP,08614 Ohio Pass,117 301 0749,Petunia Veschambes
jgablera7@alibaba.com,Pmf5sRVAm,319 Veith Hill,817 931 6652,Jessalyn Gabler
lannablea8@auda.org.au,vn1dBT1Fg,764 Bobwhite Alley,345 150 5283,Lissi Annable
aluisettia9@alibaba.com,zrM7HF7Ho6,645 Forest Dale Trail,442 726 8438,Augustine Luisetti
krestorickaa@wikia.com,jdJAZxRfqdW,54 Pierstorff Place,220 799 0380,Knox Restorick
ssemoradab@comsenz.com,jdwNCpol4,9 Charing Cross Point,816 381 2337,Sascha Semorad
rcobbledickac@so-net.ne.jp,oVMZzMwRNZ,6120 Stoughton Parkway,338 192 9924,Rodolphe Cobbledick
shubertad@github.io,JbVy8dF,3 Porter Court,289 953 0947,Sheffie Hubert
gbarghae@time.com,o5PHUQFL,98256 Colorado Avenue,134 839 3206,Godfree Bargh
slarcombeaf@walmart.com,55TTvr3fV,8311 Vahlen Trail,681 986 2814,Stephie Larcombe
cfusterag@csmonitor.com,QJJhG0iuFr,46577 Marquette Hill,717 265 1215,Colver Fuster
cwybronah@ameblo.jp,2bUA7wqby,03 Ruskin Center,298 572 8294,Catherin Wybron
mfalcusai@merriam-webster.com,hYFnmvDxx,80460 Maple Point,656 243 7603,Marris Falcus
smuffordaj@xinhuanet.com,k1cPMC,78 Di Loreto Parkway,770 135 0831,Stanfield Mufford
aansettak@comsenz.com,rkAIE3NPYn,0 Oak Trail,938 290 0453,Atalanta Ansett
lfydoal@furl.net,ZZSUKyIgFYO,35889 Burning Wood Point,214 928 1070,Linc Fydo
dredmainam@apple.com,EpBGEszR,313 Parkside Street,315 428 6485,Doug Redmain
fbaillesan@timesonline.co.uk,mcIqAI,7 Katie Plaza,173 419 7858,Frederik Bailles
tmcallanao@angelfire.com,tnNjoqn7RY0,603 8th Center,191 829 6602,Trenna McAllan
csmewinap@gizmodo.com,Il90r7Zz,65 Haas Alley,442 752 2462,Corene Smewin
vspreckleyaq@dmoz.org,J4vyzghxn,37 Golf Parkway,794 773 0629,Vic Spreckley
mmaryetar@imageshack.us,feLhjTiA7wA,37 Washington Place,756 297 1117,Margette Maryet
ncrusas@va.gov,qbF7VNVr,540 Anhalt Drive,559 971 0094,Noellyn Crus
olynnettat@sogou.com,IaOibqFYFWfK,9264 Sugar Place,366 842 6609,Orly Lynnett
hismeadau@salon.com,UytVjlEcvCu,511 Grover Junction,650 195 3760,Hector Ismead
hvigusav@xrea.com,sZvoZPen6W,41 Waywood Terrace,948 946 8502,Hew Vigus
ggullefantaw@yale.edu,Om4Yx8NvKYk,14 Lake View Circle,769 105 3641,Grissel Gullefant
janstieax@utexas.edu,gEJqJvHOT,4611 Bultman Circle,108 382 9044,Jacquie Anstie
gyanovay@aol.com,kWsVbHcJE,06 Mayer Crossing,480 725 6799,Gabriellia Yanov
lchartaz@ow.ly,F0v4NFe,7950 Fremont Court,926 538 0272,Lucy Chart
dlakinb0@aboutads.info,8Yb57kOmot,1 Havey Trail,687 647 3630,Dav Lakin
rlansberryb1@liveinternet.ru,7XkqxN,9786 Corscot Avenue,289 547 9529,Rutger Lansberry
dgrimoldbyb2@webnode.com,gCba80i9hM,0 Helena Point,235 878 2635,Dionysus Grimoldby
nbrimsb3@wordpress.com,M1TFP0t8,8842 Jackson Center,623 807 2588,Nadine Brims
cfrankcombeb4@vk.com,6qJ1dphn1Jf6,15287 Brickson Park Street,801 901 9722,Carmita Frankcombe
sguyotb5@microsoft.com,85y0H1TslwV,7 Buell Trail,698 545 8261,Shirlene Guyot
cgrogb6@state.tx.us,apT71Q9l2l,841 Warbler Plaza,415 208 2804,Chris Grog
pparmeterb7@lulu.com,eJdE3HXvAo0,14724 Rowland Point,467 129 3470,Percy Parmeter
dsyfaxb8@jigsy.com,awwCQXG3,3 Monica Road,799 510 3790,Diane Syfax
njerrardb9@unc.edu,npCtwriN9k9l,16931 Texas Crossing,424 368 3757,Noella Jerrard
battwoollba@tripod.com,Iy3p0xK,0621 Warrior Drive,239 264 6075,Bink Attwooll
jphillotbb@devhub.com,wHXu8bMF7AqJ,71211 Charing Cross Drive,270 718 0878,Jone Phillot
ewitheridgebc@vistaprint.com,yPgveVI8W8d,57 Fordem Road,390 585 7075,Elinore Witheridge
rsharrierbd@canalblog.com,efSDZSM,2136 Center Circle,122 347 8618,Remington Sharrier
jeriebe@google.co.uk,xrqWZqtA,5 Mifflin Avenue,446 848 2076,Joann Erie
cbiffinbf@squarespace.com,B1YO7Cwov,937 Susan Trail,337 781 3534,Corty Biffin
lcornillotbg@loc.gov,3IfdRzu66Vt,643 Chinook Junction,270 328 8206,Lutero Cornillot
swiddicombebh@last.fm,jMBTBNg0zl5,04 Porter Park,488 275 1549,Stephenie Widdicombe
cjewsonbi@google.it,3eSEitEv1KsT,2 Clemons Terrace,957 655 6462,Curran Jewson
pbartolozzibj@google.pl,qpT4RLAwmV8,23716 Colorado Plaza,686 493 7613,Perl Bartolozzi
twicklenbk@toplist.cz,HmJ1D3n80y,66960 Hauk Junction,902 824 4330,Teddi Wicklen
gwestmerlandbl@infoseek.co.jp,cr2WEcD6Z,4 Troy Park,205 236 4979,Gideon Westmerland
ghessbm@gizmodo.com,cnrdLxD,90 Mayer Parkway,687 341 1225,Gwyneth Hess
abradmorebn@arstechnica.com,4w4vsJxXe,47 Dunning Alley,769 327 1109,Annmaria Bradmore
tetchesbo@cbc.ca,JZdk22,4112 Algoma Hill,503 522 2211,Templeton Etches
gedesonbp@sphinn.com,9Zd7THLV1sIP,74542 Red Cloud Lane,875 544 8915,Garreth Edeson
kfennickbq@army.mil,RsODeKhgHn,158 Lien Drive,184 270 3320,Kelly Fennick
cswalteridgebr@engadget.com,wTHIk7vWuE73,77488 Merchant Parkway,479 578 2334,Carmine Swalteridge
kfalloonbs@last.fm,kIcQYXtu,03359 Cody Drive,122 229 1754,Kala Falloon
loxendenbt@nps.gov,ot3HBfIXuN,8570 Buena Vista Road,667 429 9896,Lyle Oxenden
hhalshawbu@bizjournals.com,tSOjcEbBtbDm,28650 Fisk Center,844 268 1961,Hasty Halshaw
camerighibv@diigo.com,1Sf53cxD,28 Monica Crossing,859 655 9693,Carly Amerighi
cdossettorbw@eepurl.com,Uwm2oN,88383 Westridge Park,195 683 9085,Cosetta Dossettor
sspinneybx@booking.com,7Opa3V,3 Stone Corner Street,382 399 9137,Stearne Spinney
kfareweatherby@go.com,TWlGP8,588 Grover Pass,864 384 6564,Kaiser Fareweather
bbickerstaffebz@slideshare.net,4O6m0f,088 Steensland Junction,474 349 7669,Blakeley Bickerstaffe
efairheadc0@cornell.edu,Xtudwa2YhZfI,93518 Raven Road,453 699 0101,Enriqueta Fairhead
jpaulazzic1@pagesperso-orange.fr,VWd3rhLVTm,29 Caliangt Hill,378 181 1171,Jemie Paulazzi
kagneauc2@1und1.de,3oVtDRJO7HCx,48689 Tennyson Pass,283 900 9905,Katti Agneau
dabbyssc3@state.tx.us,fItPqRIM,175 Emmet Alley,620 104 4771,Debor Abbyss
bbirdfieldc4@unesco.org,8cm0BSIq,4 Gale Way,885 423 8224,Blakeley Birdfield
rcraiggc5@storify.com,qwGhOq1Dvk,6 Dapin Junction,382 142 8253,Ronald Craigg
dayshc6@canalblog.com,ALnET0tE,51809 Morningstar Circle,322 941 6235,Don Aysh
jbonsalec7@examiner.com,r15fVn14,722 Kingsford Park,580 146 3810,Jesselyn Bonsale
pgreatreaxc8@hud.gov,Dr27JZ2Whh,3799 Northwestern Street,151 856 5959,Phil Greatreax
credmanc9@wikipedia.org,7eyVrF0ZuF,01745 Express Avenue,773 205 5274,Callida Redman
bpaulica@fastcompany.com,zfts2o,9500 Sachtjen Park,567 182 8229,Brinna Pauli
ffrisbycb@ftc.gov,P6NP2npVW,61 Banding Court,806 820 9055,Fran Frisby
cfairncc@flickr.com,LmU6P6,1683 Talisman Circle,128 679 0934,Corty Fairn
blaphamcd@infoseek.co.jp,k3mZSQQp8P,9 Utah Center,277 728 6848,Bevan Lapham
cdisdelce@exblog.jp,isurTg9,9091 Rusk Alley,424 267 2383,Chelsie Disdel
kwintersgillcf@state.gov,Pe7o2Yt,6202 Haas Parkway,125 163 3238,Kurtis Wintersgill
npollycg@wix.com,RGJXOP,31 Vermont Court,791 885 0158,Nolie Polly
fvillaltach@dagondesign.com,5FKiPOhHH5v,3063 Di Loreto Circle,330 486 9101,Florri Villalta
emulqueenci@seattletimes.com,AzRW0f,373 Meadow Valley Terrace,566 226 0591,Else Mulqueen
aaseycj@forbes.com,CTbHNuTbaWRV,816 Vermont Circle,893 316 1469,Alexis Asey
acampanellick@cornell.edu,irVxf8Qax,544 Tony Center,127 115 5641,Alana Campanelli
lbohlmanncl@economist.com,wXJAkuLFhnY,3864 Pawling Hill,783 114 5369,Levi Bohlmann
gedgesoncm@blogspot.com,cD3jHe4Q,50751 Ridgeway Court,509 841 5228,Georgeanna Edgeson
ebewshawcn@tiny.cc,ZC56f6g,60 Farmco Plaza,896 546 3673,Elihu Bewshaw
nsyderco@dot.gov,COhgCHN,4890 Merchant Drive,374 568 2769,Nydia Syder
evallercp@discovery.com,LcvOi6tAJ,130 Sage Way,917 229 6395,Emma Valler
kgladtbachcq@wordpress.org,wzQAJNl5SaZ,76766 Green Ridge Point,112 433 6766,Keven Gladtbach
nchaperlingcr@techcrunch.com,gZeRu69hWkoB,5 Saint Paul Junction,604 466 3058,Nikita Chaperling
czaplecs@rediff.com,jOaYm5,1120 Bluestem Crossing,887 458 5845,Cora Zaple
jvardenct@meetup.com,9eIbzaN,54879 Morningstar Pass,465 704 0223,Jarred Varden
jgarrigancu@twitpic.com,xh1nKkdPr,5619 Crescent Oaks Court,195 915 7246,Jeanette Garrigan
lbazeleycv@dmoz.org,PjAALxnDH0D,37 Montana Crossing,480 815 7027,Leland Bazeley
kheggisoncw@merriam-webster.com,hVMtX2PYq,7602 Ilene Crossing,925 519 5455,Kellen Heggison
gbuckokecx@gizmodo.com,hrBGggobd55u,9926 Red Cloud Hill,396 813 4224,Gale Buckoke
wyirrellcy@xinhuanet.com,FDu3mGbcHfJd,06 Rigney Court,485 886 9532,Win Yirrell
gowaincz@cbsnews.com,uwluuD3i2C,7332 Mayer Plaza,150 646 6706,Gwennie Owain
mlynettd0@yellowbook.com,svorHPvS,1728 Jenifer Way,978 764 6777,Matilda Lynett
ngoodmand1@mapy.cz,USaK8JhT0XT,0791 Delaware Drive,565 976 0885,Nevil Goodman
rmacneillied2@vinaora.com,pLc2kshGy9T,182 Clove Parkway,990 630 5357,Rosalinda MacNeillie
clangmuird3@springer.com,y00S7dpxEshZ,0722 Gerald Terrace,952 514 0899,Charisse Langmuir
mjinksd4@stanford.edu,9oe8Q2u7,0 Schmedeman Plaza,990 321 5447,Mechelle Jinks
daxelbeyd5@pagesperso-orange.fr,KmcaqPVn,8 Glacier Hill Alley,403 800 8849,Derrek Axelbey
jdunderdaled6@simplemachines.org,jG23ahlwbc,5995 Center Pass,179 121 4730,Jaquith Dunderdale
cingerfieldd7@nbcnews.com,H95FVO,2 Columbus Terrace,398 374 3090,Carey Ingerfield
carstalld8@goo.ne.jp,JC1hNb4u8lac,2 Aberg Street,296 267 4991,Culver Arstall
odeamd9@indiegogo.com,33dz0mhUiW,6 Stuart Way,272 482 6564,Odilia Deam
lcasaccioda@tinypic.com,487OFHD3,7208 Scoville Parkway,585 136 5778,Lilia Casaccio
ncalbertdb@bloomberg.com,3wEAD3jy,1 American Ash Crossing,641 987 3987,Nils Calbert
tlattindc@chicagotribune.com,RPQ6wEoG,0375 Buhler Point,748 545 4752,Tristan Lattin
bsilberschatzdd@networkadvertising.org,tGJg5c,72 Swallow Court,846 970 6106,Beatrisa Silberschatz
lvockingsde@usnews.com,eLIw1LeM,49640 Sycamore Avenue,832 732 5905,Lizzie Vockings
csturzakerdf@symantec.com,9TDZ5GzBUi06,72 Emmet Lane,976 222 6050,Clerissa Sturzaker
hpetrazzidg@topsy.com,V8Hjud,424 Mallard Pass,976 421 8954,Hali Petrazzi
eholehousedh@blogtalkradio.com,JFoTg6L,9889 Farmco Park,674 447 3817,Eal Holehouse
iglastonburydi@last.fm,80v0RU4l2,475 Basil Junction,927 694 5554,Ida Glastonbury
jdutteridgedj@answers.com,2fAKRvfY,428 Warrior Alley,607 962 2274,Jozef Dutteridge
jfippdk@bing.com,PNafGmH0ZmT4,19636 Porter Way,323 649 6846,Johan Fipp
dsteketeedl@github.io,rnLSid,2438 Fuller Park,315 655 9827,Delbert Steketee
tbabidgedm@accuweather.com,RVyxtcAg,83 Mitchell Parkway,325 623 6385,Teressa Babidge
cthorpedn@soup.io,ftTNQ1LMj4q,16218 Northview Road,801 841 4621,Clementius Thorpe
rbravingtondo@engadget.com,aKHpon0E,4 Shopko Terrace,338 950 3572,Rog Bravington
hkeepindp@google.fr,cwtKO4,313 Summer Ridge Plaza,661 928 6688,Holly-anne Keepin
csibborndq@un.org,ckmiWiPjx,93783 Riverside Crossing,140 235 2369,Candi Sibborn
jsaildr@patch.com,qhO0zu,175 Loftsgordon Alley,798 300 9585,Jilleen Sail
egallonds@craigslist.org,RxPXWCdns,6 Nelson Hill,564 689 6488,Erna Gallon
hvandt@xrea.com,dNWQXf4kV,7155 Schiller Circle,341 542 8248,Husain Van der Linde
lpynedu@blogspot.com,ICLn60jTGF20,635 Dovetail Drive,896 518 3221,Lib Pyne
dcockshutdv@opera.com,k3NcNU,86 Hayes Center,923 652 1139,Dotti Cockshut
dnewburydw@blogs.com,BzI6i5,20997 Gale Center,716 970 6078,Dareen Newbury
jmollenedx@marriott.com,GRzh1mJ435qb,19434 Harbort Place,413 676 3089,Jamey Mollene
dnornaselldy@twitter.com,QxVZMAMRRzR1,13220 Laurel Point,233 497 1156,Diana Nornasell
smccomiskeydz@topsy.com,fCDCkHY6fp,87975 Dakota Circle,883 183 7491,Sibylle McComiskey
qplosee0@fema.gov,1begWO,7941 South Pass,594 493 9519,Quintus Plose
cblackalle1@reddit.com,2Y5CmgHhLIin,3189 Bay Road,870 337 5186,Chaddy Blackall
swoodlande2@oakley.com,dFZg6IXFnrXf,296 International Park,205 625 5510,Stillmann Woodland
tayrtone3@fema.gov,K7kA9B,8 Columbus Terrace,664 222 3994,Tana Ayrton
dgornalle4@hud.gov,oWtDetJDa,66 Summerview Avenue,579 362 0342,Dari Gornall
bstarke5@bandcamp.com,hZOxV1V0M0,3 Morrow Place,553 934 7846,Bess Stark
dshelveye6@house.gov,Bhda4TO3ZLe,709 Blackbird Crossing,816 169 2268,Dorree Shelvey
avignerone7@com.com,IIUQFlIxZ,05443 Mariners Cove Road,160 799 0784,Arden Vigneron
sgawthorpee8@alexa.com,YBcbktQD,4662 East Point,945 138 7563,Sharl Gawthorpe
asummonse9@google.com.br,ZWgfx0,46 Mayer Hill,174 145 3603,Arabela Summons
krodenborchea@soundcloud.com,nbm4Jrz,26877 Melby Center,945 378 7933,Koo Rodenborch
gmussaredeb@walmart.com,ZLhYLHv,8857 Mcguire Hill,835 746 9411,Gene Mussared
fhallowsec@nydailynews.com,GHyYpT6ElZV,757 Mesta Park,403 426 2126,Fawne Hallows
goglevieed@goodreads.com,nV5nhUAxERU,49785 Schurz Junction,189 230 9904,Gertruda Oglevie
mlammieee@wikimedia.org,pf2rGlFhKh,8644 North Lane,679 721 8025,Moll Lammie
gdronef@umn.edu,8wMXzSfo,58254 Briar Crest Street,357 411 6668,Gregorio Dron
bmckeaeg@tiny.cc,dJ3A71,0797 Homewood Circle,945 798 6717,Bryce McKea
aloebereh@army.mil,H6gQrc,31171 Elka Park,312 392 5451,Aland Loeber
ehurryei@lycos.com,Ji5rQbGl,23 Holmberg Street,868 888 1595,Elliot Hurry
psedgemondej@wikipedia.org,Z46xAgmcPB,59 Bartelt Crossing,287 611 1726,Phyllys Sedgemond
amehaffeyek@fema.gov,qYQh2So7FiJ,3955 Eastlawn Terrace,255 333 1288,Antoni Mehaffey
ediffleyel@nifty.com,9XAVttt,80 Gale Circle,685 883 4859,Evangelin Diffley
edavenhillem@salon.com,jl6bivMc,503 Dunning Junction,695 516 2565,Eleni Davenhill
roclearyen@hexun.com,xFOVWnGAH,4 Crest Line Street,720 763 8013,Reeva O'Cleary
amaccostyeo@cornell.edu,x8dJpnCpX5,2244 Blaine Road,920 188 8672,Anastasia MacCosty
smicheliep@sciencedaily.com,J7CuRi3CD4A,7 Vahlen Crossing,252 454 2831,Shena Micheli
krocheseq@imdb.com,RcHbTUlyj,46 Vera Junction,249 543 1698,Klemens Roches
fgianottier@google.cn,CcmFwYUXS,33 Fisk Alley,749 520 9445,Fabian Gianotti
pskyppes@theatlantic.com,l6gf78WQeg0s,27957 Mayfield Park,291 691 5687,Perl Skypp
kthomasonet@eventbrite.com,ZkNDfKNT,35537 Bellgrove Way,869 960 8260,Katrinka Thomason
tmealandeu@tmall.com,sfW6Agj,52259 Grover Place,462 578 5099,Trip Mealand
pchitteyev@xinhuanet.com,Ep8aYKTWFd,300 Monument Street,667 362 3379,Pearl Chittey
cadolphineew@arizona.edu,0kjn6x,1819 Dixon Court,568 810 0045,Curcio Adolphine
jbondeex@flavors.me,A81UVg,41 Lakewood Trail,637 317 6352,Jacky Bonde
mlukehurstey@angelfire.com,ggXhzrZbS,778 Graedel Drive,715 294 6321,Maxie Lukehurst
csellensez@imgur.com,JaeOSDFlmW1,9 Express Plaza,320 352 0536,Conney Sellens
gpridenf0@microsoft.com,9pYJ2wOBxkP,9 Hudson Hill,779 951 4578,Gideon Priden
egrocuttf1@multiply.com,geBlHEgff9O,93 Dennis Center,775 282 5858,Eugenie Grocutt
mbacupf2@edublogs.org,9m6ENaFn,0594 Crownhardt Hill,522 979 5980,Mollee Bacup
dchamberlainef3@freewebs.com,w7oZTM8,1454 Moulton Road,836 140 3513,Dee Chamberlaine
amedcraftf4@posterous.com,86JlXB5Dm,926 Commercial Place,474 816 0956,Alfonso Medcraft
haryf5@nsw.gov.au,ZWPFFsKZnI7g,68318 Arapahoe Street,364 692 8334,Harwilll Ary
smorleyf6@amazonaws.com,azBu1KMLuaSm,2357 Gateway Park,589 343 0710,Sheffie Morley
klumlyf7@nydailynews.com,MUcw5Kidz0BE,29518 Bartelt Place,849 521 9159,Kathi Lumly
jmellodyf8@comsenz.com,Ll93i6,867 Kipling Avenue,732 342 8081,Jenna Mellody
kethertonf9@wix.com,V4cRbA0L,778 Bay Trail,829 150 3377,Kristel Etherton
ibondleyfa@fastcompany.com,ksCTnqTg9kO,8208 Waxwing Place,495 845 7053,Iggie Bondley
lphillinsfb@unc.edu,9c1kRzKK0Tyg,0554 Morning Street,462 276 5818,Livvy Phillins
blarmettfc@tumblr.com,fUJlIqkU,20 Sugar Drive,785 233 6900,Burk Larmett
rpilleyfd@howstuffworks.com,jR1xYQuAOtSa,67 Oak Valley Junction,592 179 0202,Rafaelia Pilley
mcollenfe@businesswire.com,XMRLXNyZ,54 Summer Ridge Hill,669 624 4144,Miguelita Collen
mdeff@feedburner.com,dLeZ3vX9,9233 Grasskamp Crossing,151 572 2821,Michael De Giorgio
eketteringhamfg@nationalgeographic.com,UjGdk9XV,0523 Lien Hill,929 611 2189,Esma Ketteringham
jstrattenfh@odnoklassniki.ru,llXfSzujon,39 Reindahl Junction,435 659 6971,Jilleen Stratten
gstuttfi@dropbox.com,8p6N98,469 Helena Street,113 514 0743,Gun Stutt
cstallybrassfj@miibeian.gov.cn,SxPN8j,2917 Hoepker Place,922 204 3044,Camilla Stallybrass
acastelowfk@moonfruit.com,gPRGvPo,381 Calypso Place,425 399 7801,Alanna Castelow
gbirchallfl@mtv.com,JSCccJdPUvb,80 Loftsgordon Trail,670 197 1712,Glynda Birchall
qseiffm@goo.ne.jp,MLWDdU1et2WC,939 Trailsway Hill,918 161 2273,Quill Seif
jcatterickfn@deliciousdays.com,0Z5VmSNS3b,7511 Gina Lane,235 684 9729,Jacki Catterick
blemerlefo@yahoo.com,dWSn47nOWU,579 International Alley,211 694 9348,Brianne Lemerle
nmarymanfp@1688.com,NHKUba9pRNC,85481 Grover Pass,939 808 8198,Ninette Maryman
hseiterfq@sciencedirect.com,4UGYwfObd,62 Maywood Drive,137 115 8630,Haley Seiter
mcarnelleyfr@soundcloud.com,IhPzQ6okwQU,098 Northport Avenue,635 546 4630,Mareah Carnelley
ademannfs@independent.co.uk,1jgnbl,8 Jenna Circle,901 173 6575,Aldric Demann
enanft@eepurl.com,DxK6xfrFCGzb,9211 Sugar Avenue,235 776 9415,Etienne Nan Carrow
hmewefu@dot.gov,tczD01LWSrBy,1 Grayhawk Parkway,584 936 7374,Huey Mewe
cdoldonfv@youku.com,4tTiJFV1m3R5,27 Kensington Parkway,650 127 1843,Charlean Doldon
kewdalefw@symantec.com,bzlV9D,488 Dayton Circle,510 787 2879,Keenan Ewdale
edurnallfx@independent.co.uk,BkugC5DxO,83 Katie Road,497 524 4218,Eileen Durnall
mdefy@boston.com,qblzzV5QZjO2,16023 Hanson Alley,734 849 9139,Maurice De Atta
rsteensonfz@cmu.edu,TcdUGh87zrGj,2 Farmco Point,988 292 0138,Renato Steenson
khenmarshg0@goo.gl,rJovgB7n7rN,1 Old Gate Alley,374 592 6855,Kelsy Henmarsh
jdavsleyg1@sina.com.cn,bcHZHhqk9,8433 Bultman Avenue,721 654 3991,Jamal Davsley
bmcdermidg2@archive.org,5lRAXQ1,59077 American Ash Terrace,730 726 8938,Barty McDermid
dewing3@omniture.com,cYX3jIM3bB,96 Chive Junction,883 852 0151,Dawn Ewin
esimnorg4@parallels.com,NIq8Oq,2 Bunting Parkway,362 908 4907,Elroy Simnor
jsyphusg5@fotki.com,lymTDbq77,908 Susan Street,986 666 5421,Josee Syphus
asandfordg6@bravesites.com,Z66E37SFlB,47772 Graedel Court,514 479 7691,Alaster Sandford
jphilippsg7@tamu.edu,m2XxLYrDZg,4383 Annamark Road,500 248 3722,Jacintha Philipps
nboyetg8@dmoz.org,5by5Ko0Xfk,33 Bartillon Point,846 786 7009,Nadine Boyet
lspirg9@free.fr,k72ozDOcnY,571 Barby Way,981 951 4906,Linc Spir
ykarppiga@sogou.com,yboAmCFpj,0721 Ohio Way,639 883 6992,Yoshiko Karppi
ccazingb@slate.com,3vub3sE,51 Dryden Terrace,520 311 5435,Cesare Cazin
sfullowaygc@clickbank.net,67gItJnCrGd,1799 Sullivan Park,179 494 5913,Siegfried Fulloway
jelkingtongd@nature.com,BR2ZNk,913 Badeau Parkway,144 455 9000,Jimmy Elkington
feblege@livejournal.com,4VGeGxE4,8991 Lien Hill,272 594 2233,Fair Eble
lsheardsgf@geocities.com,3hUYSbXXcgM,215 Caliangt Avenue,595 909 4977,Llewellyn Sheards
dhoysgg@vkontakte.ru,JQD4mJ,991 Buhler Place,137 139 3469,Davida Hoys
adoolygh@icio.us,pAGrj5hWXn,5471 Green Ridge Plaza,243 899 0682,Arney Dooly
bosgoodgi@imdb.com,KW0UgIdV,3989 Lerdahl Way,251 422 6050,Blakelee Osgood
tbarbiergj@spotify.com,YWmFqFy2h,0 Vahlen Way,655 373 3751,Thorn Barbier
cconahygk@privacy.gov.au,V69lswlX,66 Barnett Point,671 265 7264,Clemmie Conahy
amcguiregl@kickstarter.com,NW8jVmEaT,44 Independence Circle,258 799 0876,Aldous McGuire
jschiefersteingm@house.gov,jixjqvTQ,5292 Ryan Junction,801 896 2952,Jacquelin Schieferstein
ptucknottgn@bloglovin.com,8nx4Ft,9566 Monica Street,563 453 2559,Pietro Tucknott
eelcumgo@mac.com,r0GBqKX4ypZb,1 Packers Way,175 573 8047,Emlyn Elcum
hrivittgp@wikipedia.org,7xk7R4uw93B6,23 Onsgard Road,651 479 2591,Hill Rivitt
aespinoygq@livejournal.com,fPYrGkY,8523 Monterey Parkway,397 896 1011,Austen Espinoy
utoopingr@hatena.ne.jp,rnQaQum,3 Corben Terrace,894 340 1783,Urban Toopin
cwhitfieldgs@tumblr.com,53Ukq2qtjYYS,8 Manitowish Lane,823 101 3423,Chrissy Whitfield
adevenniegt@washingtonpost.com,whjHQULwydKF,2990 Manley Avenue,336 742 4173,Armand Devennie
bdowyergu@discuz.net,iwIGDR,9186 Mandrake Point,539 388 2380,Bernita Dowyer
doxgv@reuters.com,PM0r2jB5Q,403 School Parkway,542 262 4034,Dulcie Ox
florencgw@reddit.com,t45PiWbM,7385 Chinook Circle,365 273 7692,Fleurette Lorenc
jvasilischevgx@hp.com,toefF4Q,83 Stephen Parkway,831 797 5762,Jacqui Vasilischev
gflochgy@privacy.gov.au,Dc8P3r0tP2C,9268 Eggendart Street,449 752 1828,Gerry Floch
mellsegz@devhub.com,FBkC382PvBGz,2446 Hoepker Drive,939 914 8162,Miles Ellse
ijanewayh0@1688.com,VfCtFywIrknJ,4666 Melody Center,953 248 7930,Ingra Janeway
ewhaplingtonh1@ted.com,XbkOOEwr,25142 Golf View Center,925 675 1511,Elbert Whaplington
equanth2@nymag.com,b3xMfOfuG,1 Rieder Plaza,419 493 9562,Emmalee Quant
lsacklerh3@bigcartel.com,rMdO1GOjqUH,9 American Ash Park,208 865 5856,Lilas Sackler
gsokillh4@g.co,ZlOHOp9ra,51879 Anhalt Alley,297 334 0863,Gabriel Sokill
grabath5@hexun.com,endei8XiWSP,27 Florence Junction,953 142 1000,Griffin Rabat
oroswarnh6@goodreads.com,8ubHK03g,8 Almo Point,923 185 4039,Othella Roswarn
vwoodlandsh7@aboutads.info,NzDhjlW,5753 Leroy Point,761 768 6003,Valry Woodlands
cdetheridgeh8@hhs.gov,BE26RwLJU,0121 Harper Avenue,748 344 4238,Chrysler Detheridge
lpimbleyh9@epa.gov,PCMkghU,0 Sutherland Trail,385 918 8189,Lila Pimbley
rmconieha@dropbox.com,LhBlCoH,8 Meadow Valley Street,206 497 8783,Ronalda McOnie
omcgrayhb@miibeian.gov.cn,GWgZf7M1x,26 Rieder Center,343 643 2593,Opalina McGray
whurketthc@washingtonpost.com,vLjRtdGX12,9140 Cody Junction,598 593 9517,Wally Hurkett
cmacvainhd@ed.gov,IdYru0,01450 Graceland Avenue,739 675 8679,Catharina Macvain
ctuillerhe@discuz.net,2QgwM6lPY5gt,32615 Talmadge Point,192 128 4808,Cornie Tuiller
dpauerhf@symantec.com,JP8JnGj,9 Coleman Junction,197 499 7900,Drugi Pauer
mlassellshg@noaa.gov,R8xntllX,991 Surrey Crossing,503 754 8805,Myrah Lassells
acammellhh@vimeo.com,sbWqA8KZWl8,4 Saint Paul Hill,795 878 8283,Adara Cammell
qgreswellhi@rediff.com,pggDq3I,83 East Crossing,828 692 0839,Queenie Greswell
cmaccomiskeyhj@i2i.jp,10ks9q,5 Oak Valley Trail,217 450 0797,Carry MacComiskey
hmacgilrewyhk@uiuc.edu,NijmI3hDST,94627 Clyde Gallagher Hill,275 126 7616,Haily MacGilrewy
kschaffelhl@economist.com,ov4JpMaywGVW,725 Carberry Junction,663 714 4407,Krishnah Schaffel
cstenninehm@dedecms.com,Ix61gNa,14776 Monterey Drive,347 957 8022,Cathe Stennine
egammonshn@usnews.com,V2EmvYm,650 Pierstorff Park,165 702 2834,Elvin Gammons
mhaltho@accuweather.com,0GTRI8eIi1DS,25 Burrows Road,496 561 2440,Minerva Halt
ggreenighp@google.com,CUkJgHWXp0E,2051 Sheridan Street,210 943 6681,Giustino Greenig
rknappenhq@ft.com,oYrO7MgLeR,71714 Chinook Street,110 265 7195,Rees Knappen
ssabbenhr@mail.ru,PZxg9T,41 Birchwood Trail,901 696 6854,Scarlet Sabben
gdannielhs@list-manage.com,WLXsH4,757 Little Fleur Junction,238 264 8105,Glen Danniel
vdalmeidaht@amazon.co.jp,rE8qQ5WA6,2 School Drive,477 188 8196,Vincenz D'Almeida
mtisorhu@usnews.com,sjCIUaw5,5716 Center Street,397 321 1907,Murvyn Tisor
ncrutcherhv@stanford.edu,YLjs7K,45 Jackson Alley,518 653 4717,Norrie Crutcher
ttworthw@sphinn.com,1BZ0as,009 Huxley Hill,511 413 3065,Tamma Twort
tdickonshx@gravatar.com,2Kj12YX,5 Shelley Drive,976 233 1765,Tarrah Dickons
cwoolmerhy@eepurl.com,RSaw3HSG6Eg,0 Moulton Place,828 300 4501,Constancia Woolmer
rbearblockhz@twitpic.com,W22pLM,1540 Sachs Alley,336 814 0060,Ryun Bearblock
lheenani0@nydailynews.com,OH2nud,0889 Ruskin Terrace,426 647 7212,Lind Heenan
nskelcheri1@wordpress.org,w8N49Cb3T4iZ,8545 Birchwood Circle,573 433 8893,Norry Skelcher
rjaksici2@virginia.edu,1SOngLEH,62623 Norway Maple Lane,120 681 3550,Rollins Jaksic
ecapperi3@barnesandnoble.com,9TTMSn,20 Dottie Junction,754 180 1451,Ethyl Capper
gsivillsi4@desdev.cn,lIEvfeak,456 Scofield Avenue,622 818 4190,Glynn Sivills
eoldlandi5@businesswire.com,64PyO8qX8R,63 Sachtjen Avenue,772 878 8458,Emalee Oldland
chaineyi6@360.cn,DgN9DSw6H,96154 Buell Terrace,533 524 5763,Caro Hainey
cabrahamoffi7@boston.com,fKicHQsSrv7,713 Summerview Terrace,773 602 7307,Carson Abrahamoff
mmichelmorei8@qq.com,3iKZMFPvht5q,6381 Arapahoe Terrace,929 955 9393,Modestine Michelmore
wkynsoni9@t-online.de,2q1LNgCP2QYp,778 Anhalt Lane,978 603 4070,Willem Kynson
emcanultyia@ning.com,dDMUn1lvv,29413 Center Point,645 128 4804,Emelen McAnulty
mmclukieib@infoseek.co.jp,d8vEVIrGuhvu,16017 Tennyson Trail,284 311 2452,Maurise McLukie
hridettic@bigcartel.com,q4X003J,68 Veith Terrace,202 613 3755,Hobart Ridett
lwallenid@nps.gov,F2rhLo,70460 Cody Center,161 489 4061,Leigh Wallen
jgallemoreie@bing.com,NwTTdXGA,6 Florence Street,562 171 3973,Jamima Gallemore
hblazaif@yahoo.co.jp,aAkZfEIqy,33 Buhler Alley,152 112 0030,Henka Blaza
bpesikig@lycos.com,u0YuEb9hM8K,0 Westerfield Way,951 220 6068,Benedikt Pesik
aetherseyih@nature.com,3oziDAROOllY,836 Nelson Place,431 593 1437,Angeli Ethersey
mwonhamii@aol.com,Zr6PwiSOe,1862 Graedel Lane,511 204 6080,Mame Wonham
tcrannaij@edublogs.org,d5YHsDF,053 Crowley Alley,832 100 3103,Thekla Cranna
emaccrossanik@utexas.edu,ErrmEMxJgy,177 Transport Alley,604 695 8392,Eachelle MacCrossan
anisbithil@google.com.au,7xH1gXARXc,5 Red Cloud Hill,997 756 6618,Alexis Nisbith
gorbellim@amazon.com,r6wf6HK,262 Ryan Parkway,142 107 6949,Goddard Orbell
cpaddenin@acquirethisname.com,WwMFd3vK,75902 Summerview Pass,915 116 6782,Chrysa Padden
ctrengoveio@ted.com,k5W56c,44812 Mariners Cove Drive,255 982 1325,Curr Trengove
cdeip@jimdo.com,1XMJl4,50 Montana Way,399 154 9257,Corabella De Gregorio
bhaughianiq@ow.ly,6IFnbvRmbdJ,01 Petterle Street,777 727 5983,Bendix Haughian
rvannacciir@cbc.ca,XjCgQps,59 Dawn Lane,450 485 6689,Revkah Vannacci
cdelamereis@behance.net,psnDsyw1qN,74 Londonderry Pass,986 370 3164,Cleavland Delamere
ecoenraetsit@forbes.com,zGw1DV,89458 Ridgeview Drive,498 548 1732,Elke Coenraets
amoodyiu@mediafire.com,ZS6OIHr7BE,38 Oxford Trail,571 363 3434,Ambrosius Moody
cblencoeiv@netscape.com,XDkvnb,1484 Bowman Drive,200 452 5679,Celie Blencoe
mabatelliiw@google.ru,KOuZlq,51 Service Road,586 483 0104,Moll Abatelli
trogierix@purevolume.com,cB3fzm7R9Ja,57871 Mendota Trail,356 330 3037,Tristan Rogier
mdeeleyiy@dropbox.com,cYPRI3IDtilo,63001 Doe Crossing Street,768 573 7361,Michal Deeley
asteuartiz@hud.gov,TWfJBU7q,073 Saint Paul Place,611 363 9531,Archibold Steuart
lloosmorej0@buzzfeed.com,qGG1B0,9 Alpine Plaza,494 320 3200,Lacy Loosmore
ireiachj1@google.com.hk,lmFedFG,2742 Portage Road,328 663 5920,Iggy Reiach
setteryj2@amazon.co.jp,EXZAmZvpN4X6,551 Forest Parkway,150 380 6049,Sanderson Ettery
wcasollaj3@paginegialle.it,Ln46Ka,31201 Laurel Parkway,217 308 8927,Willette Casolla
osabatesj4@prnewswire.com,ZYyLCjaBmVd,33 Clemons Circle,917 394 4408,Obidiah Sabates
mcaspellj5@barnesandnoble.com,xcbpsSCbVhAG,7 Upham Circle,505 260 7396,Mattie Caspell
emenchentonj6@xing.com,I8pohM,2 Pine View Lane,689 457 3477,Em Menchenton
gmatusovj7@github.io,F13Oeujt,3 Maryland Trail,202 380 9587,Granny Matusov
vsallowayej8@businesswire.com,mwMRKBmVY,68626 Jackson Circle,643 518 1496,Valle Sallowaye
nhatchardj9@umn.edu,ckn6eG,55609 Algoma Circle,577 827 6542,Nadean Hatchard
jbuckstonja@thetimes.co.uk,R0BoEbY,04 Redwing Way,556 507 9364,Jamison Buckston
rtupiejb@paginegialle.it,OvjzIKE,2369 Crowley Plaza,258 131 9925,Rudyard Tupie
lfranzschoningerjc@wordpress.org,dm25Gyb6Xt,29152 Warbler Way,235 323 1317,Lucina Franz-Schoninger
tchassonjd@wunderground.com,BnuMNevM6ua7,763 Acker Place,407 319 9594,Talyah Chasson
cflinnje@nih.gov,Anf8wWl1,98745 Raven Road,806 903 0157,Charlot Flinn
lholdalljf@sbwire.com,2HJf1kRW,557 Mendota Road,280 106 9730,Lemar Holdall
jmacilurickjg@prnewswire.com,INiYu9,8063 Shasta Lane,884 594 2484,Jolyn MacIlurick
cdejh@histats.com,rwR59z,91668 Lakewood Gardens Pass,486 503 9048,Constancia De Francisci
lmarchamji@xrea.com,lWoR2U,54 Cody Crossing,242 516 1965,Lonny Marcham
lsherynejj@pcworld.com,nE1BTW,175 Helena Street,904 349 7429,Lazaro Sheryne
pshaperajk@gnu.org,qEiNNyMo,09 Buell Circle,109 231 4010,Patrizia Shapera
cwannjl@va.gov,IdtICc,47 Del Mar Place,478 597 1704,Clayborne Wann
nflecknessjm@bbc.co.uk,1Xob5uCxFR,7 Northview Terrace,534 744 0791,Nonah Fleckness
htellenbrokerjn@netscape.com,IEVhJK8U9,273 Wayridge Street,444 910 9251,Hamel Tellenbroker
mrawoodjo@reddit.com,9QPVYb,04 Florence Court,133 339 3044,Mellisent Rawood
hpeterkinjp@nasa.gov,QdiBbTX,4 Weeping Birch Alley,554 254 0558,Hi Peterkin
jmattiassijq@ning.com,jQRJBA4D,9149 Cottonwood Junction,530 620 0863,Jordain Mattiassi
gcrombjr@bloglines.com,uc7AZ2Q1KE,8 Banding Point,195 285 1826,Gibby Cromb
msiggensjs@artisteer.com,zCAgSOV6Yr,80 Lerdahl Drive,462 378 6543,Mandi Siggens
cdudeniejt@irs.gov,eJxRaErbRj,168 Farragut Crossing,475 955 8690,Codie Dudenie
llockierju@ucla.edu,uXVnGX8,9859 Norway Maple Court,307 398 8811,Laurette Lockier
tgliddenjv@comsenz.com,2az9t7S,4614 Dorton Drive,132 958 2681,Tine Glidden
eguiderajw@nbcnews.com,NOEME4Iwv5Zq,8 Mockingbird Trail,142 331 3842,Evangeline Guidera
dblanquejx@quantcast.com,2ViSCnH3,71133 Hoepker Parkway,477 823 2777,Donnamarie Blanque
csheringtonjy@fc2.com,52wccc8,3 Crownhardt Way,618 652 0243,Cassandre Sherington
kdufaurjz@chronoengine.com,THOl4l8,8 Scott Way,571 531 0562,Kevon Dufaur
abeauvaisk0@digg.com,DNFrq62nKDBb,6 Caliangt Court,641 849 6190,Ainslie Beauvais
lcardook1@artisteer.com,6XJLXBsQTCi,7778 Oak Trail,675 703 0938,Luce Cardoo
amcindrewk2@go.com,Fn9Sqd7ZY0,26 Norway Maple Street,600 911 6658,Audie McIndrew
dtrimmingk3@slideshare.net,dgOQxD6hb8,6421 Oak Valley Pass,528 708 8831,Demetrius Trimming
sandrellik4@goo.ne.jp,YmMTfFuQ,4385 Kingsford Trail,520 413 5510,Sidnee Andrelli
ssapsfordek5@facebook.com,ttumD8,0 Brickson Park Plaza,578 578 5313,Sylvan Sapsforde
ajoirisk6@netlog.com,SPkBMHDI,3253 Talisman Junction,812 148 7587,Adelbert Joiris
dmck7@about.me,CDWI3YB7hQ,8 Eastlawn Center,111 854 2376,Delora Mc Coughan
imaunsellk8@sfgate.com,6lpCvxQoFHV,10 Westridge Lane,609 503 6272,Ilaire Maunsell
pkitchenhamk9@psu.edu,Xk1TXSJh4,4 Eastwood Pass,746 835 1603,Penni Kitchenham
lbichenoka@businessinsider.com,048LX0w,94 Village Parkway,480 533 5333,Larry Bicheno
rknowltonkb@shareasale.com,Vzrl4O,8641 Mesta Alley,203 920 0437,Ranique Knowlton
rbernardezkc@comsenz.com,ubUg0B6fRH,2314 Hovde Junction,457 172 5700,Rorie Bernardez
vcleyburnkd@dedecms.com,CRcAfRcci,6 Hallows Junction,191 169 2106,Vivian Cleyburn
mratkeke@oaic.gov.au,JzNC7WLmEI,0504 Amoth Junction,629 576 2622,Moise Ratke
lsanziokf@amazon.co.uk,zXEUVSwNZJeW,425 Farwell Terrace,371 908 0937,Lisa Sanzio
lcavanaughkg@redcross.org,zU2wduNtEH4,979 Hollow Ridge Avenue,109 974 8097,Lanny Cavanaugh
lmillyardkh@nyu.edu,ALGafMop,89516 Londonderry Road,261 579 1018,Lorinda Millyard
rleveki@merriam-webster.com,snlkTnLHs,5512 Pennsylvania Crossing,564 864 5690,Rowney Leve
hwelmankj@zimbio.com,xKCgvH0E9bAs,50 Morrow Terrace,674 629 4355,Hatty Welman
hchurmskk@goo.ne.jp,prOgSm,0576 Bonner Pass,202 798 9032,Hamil Churms
twelbelovekl@fema.gov,LEmFaQxhAD,67 North Lane,470 136 3857,Timmy Welbelove
bdekm@google.co.jp,KNyZvgB,04583 Westport Place,746 965 6644,Bridie de Leon
cfilsonkn@forbes.com,xyWXdEB,2115 Holmberg Plaza,253 371 5879,Corilla Filson
afeenanko@theguardian.com,Sh0QlGf,17911 Homewood Crossing,752 523 4387,Anatole Feenan
snewbiggingkp@reuters.com,PDuw9NqBB,067 Mayfield Pass,655 792 4322,Sib Newbigging
dkitmankq@about.me,dp6hUGRQI4lJ,6 La Follette Way,743 939 2750,Denny Kitman
ehuffeykr@woothemes.com,CmcuXXZfwYbp,5020 Holy Cross Avenue,717 100 9536,Ermentrude Huffey
nligertwoodks@unblog.fr,7ES7kgAmcsEY,677 Carioca Alley,785 519 1379,Nelle Ligertwood
bantalkt@homestead.com,ha3mESrPNu,0196 Hansons Trail,379 151 1538,Bearnard Antal
lberndtssonku@phpbb.com,b8eQv0AX23Mn,36 Jana Crossing,836 222 9747,Leoine Berndtsson
kbauerkv@so-net.ne.jp,dPYMKT8fQ,7023 Anhalt Terrace,800 433 0198,Kennett Bauer
hheffernankw@goo.gl,zfKZSv,8565 Buena Vista Way,555 919 3464,Hanny Heffernan
shourstonkx@cyberchimps.com,zSCfnhVmkOC,22615 Texas Street,651 850 5934,Simmonds Hourston
atremellingky@pagesperso-orange.fr,V02e5HdNLFl3,82715 Carberry Circle,116 375 1901,Audrey Tremelling
ckimbleykz@youtube.com,dqKurnlMRZQ9,15 Schiller Hill,517 401 9926,Cordy Kimbley
ierdisl0@seattletimes.com,SHWvcvR,31908 Lindbergh Trail,639 637 7671,Ivette Erdis
vilyinskil1@upenn.edu,OGmOHy,1822 Monica Court,969 980 0152,Velma Ilyinski
hsucklingl2@sourceforge.net,qNKrl5FBQzbh,638 Gulseth Circle,108 618 9683,Humfrid Suckling
kdeasl3@wikispaces.com,sJNTZlS6K,42 Mandrake Pass,634 988 7872,Kristin Deas
alintottl4@forbes.com,bIb2F78Vl6Y,1 Mayfield Street,960 237 4217,Ambur Lintott
bdemongel5@drupal.org,kHq8VyAW,679 Cordelia Way,959 800 9152,Braden Demonge
pmcsperrinl6@squidoo.com,kJpqJ7XfM,5 Granby Hill,314 295 5576,Paten McSperrin
lrebouletl7@shinystat.com,iNVZO72IQ0,40220 Drewry Center,330 113 4068,Lindsay Reboulet
ldybaldl8@dell.com,QrvoNY4833,580 Crest Line Alley,711 838 7266,Lamond Dybald
astonalll9@4shared.com,AWAjms0gC,36 Bartillon Road,867 126 3074,Aloise Stonall
ngirodiasla@google.com.au,CoVzrzRN,6 Straubel Park,777 482 2018,Nikkie Girodias
swrennlb@shareasale.com,15o5GoC,4552 Express Plaza,437 349 3707,Sula Wrenn
ddrakeleylc@pagesperso-orange.fr,v7gyFV,33 Judy Hill,877 507 0004,Dallon Drakeley
nlinzeeld@parallels.com,wp6n5UKCnu,4 Summer Ridge Park,278 865 5975,Noah Linzee
apoundsfordle@youku.com,wQ1Y7e8cSr5a,33177 Sloan Place,159 154 9004,Anthe Poundsford
ssteffanlf@g.co,uDPdMKOv,316 Lien Trail,824 342 8826,Scotty Steffan
elahertylg@tamu.edu,GBsPV5DO,4944 Dryden Plaza,385 565 1126,Elenore Laherty
ediwelllh@wix.com,PXGqzEB,61 Northwestern Place,865 477 5746,Elliott Diwell
skippenli@wufoo.com,vPKN5IPIt,85 Judy Point,692 423 9019,Sascha Kippen
mspirrittlj@goo.ne.jp,kt7MzFkXTb,4029 Gerald Junction,933 323 6299,Merrile Spirritt
igammielk@tripadvisor.com,IXWZI2ri,2838 Brickson Park Road,758 385 4352,Isobel Gammie
yhandscombll@skype.com,ORmxAQY2,6903 Melvin Junction,768 943 9693,Yance Handscomb
cmazzeilm@elpais.com,2AfFbbY,9114 Superior Center,482 638 9768,Chrissy Mazzei
gcampbelldunlopln@constantcontact.com,R3oG8s9,5482 Pankratz Lane,665 142 1192,Gael Campbell-Dunlop
mbellaylo@huffingtonpost.com,RQcq9bRZmXJQ,62 Schlimgen Place,957 737 6785,Marnia Bellay
rwestoverlp@webs.com,8XFRMO5,82 Laurel Trail,178 516 3928,Rafferty Westover
hmorrellq@w3.org,d9JHf0Q,836 Tomscot Point,871 809 5012,Harald Morrel
mpirkislr@prlog.org,NdyfMpc,1817 Michigan Drive,319 763 5053,Margy Pirkis
ngeocklels@google.co.uk,UgFDl17jQ0,763 Lighthouse Bay Trail,336 951 8251,Nickolai Geockle
dyockleylt@netscape.com,A8VKoRdHYh,773 Havey Parkway,655 662 5678,Dougie Yockley
elumblylu@toplist.cz,XDDxvcs4Xvm,766 Main Way,554 313 0472,Eldredge Lumbly
tstubbeslv@gmpg.org,KZeKVTBnQE8T,0 Scofield Lane,243 261 0424,Tome Stubbes
morwelllw@yolasite.com,ZZ2oqyj2Hf7,85 Emmet Lane,841 730 0616,Madelon Orwell
rtremontelx@senate.gov,6HW0Dd,7 Almo Drive,837 132 2614,Roseann Tremonte
mlyptradely@arstechnica.com,G2gNtov,9803 Glacier Hill Pass,488 495 2382,Melisande Lyptrade
mhuckelz@tamu.edu,OmWv2kS,49660 Jenifer Way,704 845 8958,Meggi Hucke
drollm0@hp.com,HQ2pn3XF,432 Park Meadow Lane,697 894 1529,Danni Roll
dearsmanm1@elpais.com,dfcdk2QV2Hrq,16 Merrick Plaza,392 270 1334,Dina Earsman
msharmanm2@huffingtonpost.com,zZOcRWp,94495 Briar Crest Parkway,110 977 9560,Mario Sharman
bskedm3@tripadvisor.com,eEewXAwQrnE,74751 La Follette Crossing,225 414 1653,Bertha Sked
vpretiousm4@virginia.edu,ZIeAhANEr,04 Parkside Road,585 582 8268,Vincenz Pretious
rjeffraym5@archive.org,wOlNxrYc,25900 Tony Center,594 689 3207,Roldan Jeffray
jdillingstonm6@disqus.com,s9WX42,93 Summit Trail,748 622 7193,Jojo Dillingston
hhandesm7@irs.gov,ptaCszbq,531 Loeprich Center,628 226 4462,Helaina Handes
jknivettm8@fotki.com,Rjny0IGpKG,1 Judy Court,987 377 3893,Jolyn Knivett
lcannawaym9@oakley.com,5Vr3bA,95 Bowman Way,993 197 2976,Lionello Cannaway
emckissackma@ovh.net,BII2BVz,9 Almo Crossing,996 657 0647,Erna McKissack
cjoshmb@epa.gov,uFCzUCj,2714 Hermina Terrace,670 133 4992,Cherish Josh
sconantmc@blogs.com,ABK7Jn,809 Canary Crossing,155 922 7876,Shina Conant
kdavioudmd@i2i.jp,okiIjMtaHis,02950 Swallow Avenue,772 466 9404,Kermy Davioud
lsemberme@facebook.com,wdQ7jRFh,8804 Saint Paul Junction,292 889 1286,Laurie Sember
pstuckeymf@yandex.ru,61Cp9jYVBHq,9 Fallview Trail,136 280 0686,Pebrook Stuckey
gdruelmg@blogs.com,Dv8mYbodl,09 Sutteridge Road,210 907 3911,Gretal D'Ruel
csushamsmh@mlb.com,umsU2C698M5,2365 Springview Point,462 155 3482,Cully Sushams
wcordinglymi@ebay.com,Dcg6G3S,3 5th Pass,280 616 2169,Willyt Cordingly
pgroundwatermj@yellowpages.com,L4bQdqnlIGP,21585 Carey Hill,209 719 5367,Piotr Groundwater
jdyblemk@biblegateway.com,Fvn5UMPj3fs,901 Dixon Place,524 397 7904,Jobyna Dyble
sdowdneyml@youtube.com,8jzHGawlvtN,64101 Lighthouse Bay Point,406 292 9143,Shay Dowdney
cpiochmm@last.fm,tllwe9PayqY,72 Nelson Pass,101 441 0930,Ceil Pioch
irigardmn@cnet.com,3xnVTi,51 Bartillon Avenue,451 708 2725,Ivette Rigard
jgoremo@artisteer.com,u27AW9aNUY,92317 Beilfuss Drive,806 743 0133,Janella Gore
atearmp@examiner.com,bzcwJ16obx,8 Vernon Place,870 589 4921,Alyssa Tear
dbygreavesmq@discuz.net,UUWRxoAJ8s7,14815 Artisan Center,889 848 4844,Dena Bygreaves
cfilyakovmr@ibm.com,6zNG7ms9,872 Barby Junction,362 264 0802,Colver Filyakov
abetunms@tamu.edu,VKT7Ot9r,1234 Charing Cross Junction,113 912 4769,Aron Betun
amerrimanmt@alibaba.com,uojzCo,9075 Morning Place,305 333 1534,Andra Merriman
kberthomieumu@opera.com,zrWGGnWjrn,41 Warbler Plaza,974 698 5568,Katharyn Berthomieu
agwinnellmv@pcworld.com,LbvWmro0r,43 Hoard Lane,359 307 1531,Angelique Gwinnell
ygausonmw@aboutads.info,z7XbuD,3 Golden Leaf Crossing,515 985 7082,Yetta Gauson
kbiagimx@simplemachines.org,kS0gKh,6 Tomscot Way,205 366 1498,Kile Biagi
abyrchmy@imdb.com,uaPFTEZHEBji,47756 Talisman Plaza,424 859 5615,Abra Byrch
tantoneymz@blog.com,d8vRM6Pd,1011 Magdeline Court,808 686 6731,Terrye Antoney
sjostann0@dagondesign.com,2LE65d,7339 Kingsford Lane,796 233 7678,Sidonnie Jostan
pjarmainn1@domainmarket.com,w7cBKLGgI5z,08 Fordem Circle,597 193 2371,Phyllys Jarmain
fpinneren2@eventbrite.com,8wS0DUHxhl9,8916 Sherman Lane,703 390 8182,Fredra Pinnere
categgartn3@reddit.com,MlyWXpieh6,36224 Twin Pines Court,673 489 3829,Coralie Ateggart
wosgerbyn4@live.com,qPopIl6UCgD3,2 Kipling Place,248 607 5203,Wilburt Osgerby
sbraunrothn5@mac.com,QZY4PpCD,3 Spohn Place,319 576 0523,Sigismond Braunroth
dheggisonn6@istockphoto.com,O1ejh7rI,83 Sloan Crossing,423 534 8431,Dyana Heggison
lmannn7@google.ca,4IHmM5qkj,59 Mallory Avenue,789 450 8715,Lisha Mann
avanbrughn8@wsj.com,AUsRKhbHYtmH,71 Prentice Junction,343 773 1527,Averell VanBrugh
nbridgensn9@nyu.edu,wLGPI0DgkBqt,07021 Mcbride Junction,234 378 1509,Nate Bridgens
eelcombna@phoca.cz,tL320suEwNQ0,52699 Hallows Junction,690 159 5748,Emmott Elcomb
njirickanb@edublogs.org,ddmcJNCbfChX,70 Oriole Trail,915 413 2360,Neilla Jiricka
stremeernc@exblog.jp,NA5GZ9HvS,13613 Golf View Center,841 556 7217,Sander Tremeer
dhallowsnd@sphinn.com,SQjXpFyJFB5,49 Jenifer Street,336 692 4543,Dan Hallows
bcastellonene@virginia.edu,7GGhXaalnu3s,2 Delaware Place,257 139 9067,Binni Castellone
pgurradonf@ow.ly,YtNISijra,830 Fordem Way,181 189 1305,Pennie Gurrado
charwellng@cocolog-nifty.com,v2KH0D,347 Randy Point,164 470 5414,Carling Harwell
fpeltznh@zdnet.com,IHZa8Pe,895 Gale Place,482 138 2162,Fawne Peltz
bwilletsni@auda.org.au,4HmH1OO,29892 Crownhardt Parkway,555 399 9097,Barr Willets
psambellnj@istockphoto.com,7mDxZB,114 Forest Dale Parkway,445 661 2167,Parrnell Sambell
ameddemmennk@umn.edu,wriv7k,496 Rigney Terrace,971 244 9768,Adolf Meddemmen
cimlocknl@webeden.co.uk,o01KIM8iu,1278 Fordem Crossing,291 903 4886,Clark Imlock
tseniornm@goo.gl,vrabkzGVxf,25245 Scott Trail,742 261 7997,Tim Senior
tbabernn@cargocollective.com,8u13IvwE7,426 Brentwood Junction,148 168 5000,Thor Baber
dsheppeyno@dell.com,NAFEYHb,654 Fieldstone Point,647 450 5945,Davida Sheppey
gculshawnp@skyrock.com,qRGWmPsQDxl,74 Oxford Trail,888 261 7798,Gottfried Culshaw
cgrzeszczaknq@chicagotribune.com,9b72Jw,62 Donald Lane,268 411 3075,Chandal Grzeszczak
vcramptonnr@businessinsider.com,JbZYBHtbI,08 Farwell Alley,154 216 5781,Valentina Crampton
itrobridgens@harvard.edu,8wprWBgOuO8,681 Dunning Lane,307 386 1032,Inness Trobridge
awitulnt@forbes.com,gUSgoPmKCA,8 Pepper Wood Crossing,657 749 7897,Avigdor Witul
jabbadonu@gov.uk,rfDfRjwLQ,26078 Judy Avenue,359 653 4471,Justen Abbado
rtorbecknv@hud.gov,O3UvYXYDm,788 Warner Lane,272 583 2007,Rinaldo Torbeck
xboddynw@bluehost.com,ZsQr1SEv,36944 Gulseth Court,392 709 0717,Ximenes Boddy
kstuffinsnx@over-blog.com,6zIDfsiaM,1693 Hoffman Circle,549 916 7325,Klaus Stuffins
tbartenny@nationalgeographic.com,ItfEB2K,7943 Mayer Drive,239 657 2290,Tarrah Barten
ssherenz@wikispaces.com,PPygyDan,66042 Moland Circle,301 674 3296,Sayres Shere
lkobscho0@jalbum.net,0jxxvA,59855 Corry Park,868 168 8153,Lorant Kobsch
jockwello1@godaddy.com,LedVTlV,19 Dryden Way,447 294 9893,Jarrid Ockwell
tjollando2@apple.com,H6tJI8zgxQCJ,971 Fairview Circle,718 238 4882,Tobe Jolland
ahealeso3@gov.uk,RDvpn8Gb,91391 Fuller Hill,947 308 2568,Angie Heales
nfonteo4@psu.edu,p4dqpLPBUAX,123 Bonner Place,245 744 5033,Nikola Fonte
chardawayo5@homestead.com,ovO14Fm,92711 Surrey Crossing,167 425 5281,Cordelia Hardaway
samaro6@vimeo.com,SNVHWsxCp99L,1513 Lunder Terrace,247 633 9087,Sheila Amar
calpineo7@forbes.com,iBwZA0CFhC,07 Hauk Circle,595 281 7030,Chauncey Alpine
svearnalso8@usa.gov,PJM0od,7 Buena Vista Terrace,473 192 9780,Sammy Vearnals
asambroko9@naver.com,ksqjlGvOt0n,89 Forest Dale Junction,877 306 8504,Abeu Sambrok
ablakelyoa@ebay.co.uk,E2FtCbYqIX3g,8156 Division Crossing,108 272 2933,Augusta Blakely
gapplegarthob@buzzfeed.com,B1K4GPxwwADl,8 Gulseth Pass,837 784 8427,Gare Applegarth
csandhilloc@latimes.com,eLhWuAk8m,58306 Barnett Lane,626 225 0626,Cinda Sandhill
rrouselod@usgs.gov,jXXmamHHU,9037 Summit Drive,467 480 0668,Robbyn Rousel
mcrosettooe@fc2.com,HliszcL4Axn,2961 Green Ridge Lane,260 306 9476,Margret Crosetto
dfenwickof@infoseek.co.jp,f9kJTrwy6FXh,7511 Pepper Wood Court,967 425 6194,Daphne Fenwick
kcrokerog@ucoz.ru,RXGxfHn2,38172 Carpenter Court,253 187 8431,Kristien Croker
astaddingoh@army.mil,lVy4S45Z,172 Spaight Terrace,513 537 1216,Adamo Stadding
rdorbinoi@paypal.com,DYAULVDZll8S,3 Maple Plaza,171 860 8872,Rriocard Dorbin
gprebleoj@msn.com,CsXzKBLNiD,9266 Shelley Lane,721 319 7693,Georgianne Preble
elubbockok@abc.net.au,8YMQf6,96 Bultman Crossing,621 307 9713,Erinna Lubbock
amccriskenol@apple.com,Rg34vyT6GYDw,086 Anhalt Way,305 694 5042,Alfred McCrisken
gjewersom@senate.gov,QfbEtv4Rj,0025 Wayridge Hill,584 521 6581,Guillema Jewers
agirdwoodon@nhs.uk,4188anuz1,13722 Monument Terrace,937 487 7544,Antonetta Girdwood
cleeseoo@1und1.de,YMi2L7,0 Schlimgen Center,678 968 7332,Chloette Leese
egoodridgeop@unesco.org,d7ydLCWgVSfU,71994 Paget Court,353 863 9491,Emile Goodridge
ncrollaoq@jalbum.net,MtsW6St1AcT,2657 Northfield Junction,346 838 2951,Noella Crolla
bivchenkoor@yahoo.co.jp,2pGQOgGk,5 Sachs Pass,277 485 0666,Blake Ivchenko
chumbellos@salon.com,zC14vVs02mq,19431 Menomonie Crossing,690 687 3403,Cherice Humbell
tgaskallot@seesaa.net,72cLou4w,0 Donald Terrace,912 113 0901,Tedie Gaskall
cjohnkeou@e-recht24.de,g7ghBeP,9 Melrose Alley,241 641 8118,Camey Johnke
pgerdesov@chicagotribune.com,3Qr35pyD,7 Monument Drive,369 234 4331,Paxon Gerdes
bheinzelow@plala.or.jp,kAUErIz,79 Hudson Center,725 142 1447,Brittany Heinzel
belderedox@about.me,nf5OcCkPwGvh,3319 Moland Street,923 842 8612,Benetta Eldered
orayoy@phoca.cz,cZv0bRm22v,12 Bellgrove Pass,129 773 9346,Owen Ray
bdabbsoz@nifty.com,tzo6X2csMp,138 Anthes Way,939 408 0463,Basil Dabbs
hfriendp0@vk.com,GpUF8nY7qoOQ,274 Hoffman Junction,393 767 6812,Haskel Friend
fousleyp1@google.pl,Sy7WLSoElPL4,5029 North Crossing,212 401 0353,Fabe Ousley
ohaylorp2@cloudflare.com,ewl4j459,986 Scoville Pass,136 990 0666,Odele Haylor
ebalstonep3@ox.ac.uk,0rppxQM9C,571 Grasskamp Junction,963 326 4352,Ellary Balstone
fcrinagep4@trellian.com,7OUEZ9j0UxEp,70 Eagle Crest Center,844 878 7152,Florence Crinage
lrainyp5@usgs.gov,zO2DAzGrEiK6,753 Anhalt Crossing,143 518 2487,Licha Rainy
rdumbeltonp6@blogtalkradio.com,gscgN9krkFQF,6 Helena Crossing,828 373 0175,Raleigh Dumbelton
jdoblep7@forbes.com,gJHL607ZY,84414 Scott Alley,586 371 1482,Jaquenette Doble
szupop8@bbc.co.uk,fSLdO5E,597 Spohn Drive,342 689 6802,Shaylah Zupo
cstansburyp9@ftc.gov,a4EdQaqf,827 5th Junction,615 761 9189,Carine Stansbury
sdoonicanpa@illinois.edu,fnDtVepLHP3n,3 Loeprich Court,505 256 9673,Sheridan Doonican
cdepb@phpbb.com,yXEqzoRe6eqk,69 Dovetail Alley,838 178 1234,Collette de Leon
wallsopc@acquirethisname.com,mXPRBf,44309 Crownhardt Crossing,427 733 5231,Wini Allso
danticpd@boston.com,kibkxDX,465 7th Way,542 479 3660,Doyle Antic
aallenderpe@blogger.com,E7By8N5vNy5,883 Dexter Center,994 604 9241,Abba Allender
bgillingwaterpf@princeton.edu,jkogcWOZ0mh,973 Northridge Plaza,405 716 0180,Bing Gillingwater
wguilaynpg@prnewswire.com,x2UqSYsRYb,315 Jenifer Hill,760 670 3455,Winfield Guilayn
wdahlgrenph@wikia.com,uf9fGPu22,564 Milwaukee Court,506 847 1480,Will Dahlgren
jhanselmannpi@github.com,zznK01,864 Havey Crossing,517 590 1333,Justen Hanselmann
cthomssonpj@comsenz.com,vdLkmj5zvWt,98344 Mandrake Circle,549 954 1302,Claudio Thomsson
ztorrypk@liveinternet.ru,sZdcMCltMJP,21 Crescent Oaks Drive,807 640 7770,Zenia Torry
nmilanpl@shareasale.com,G4zcomwa,4304 Valley Edge Lane,995 104 0389,Nanny Milan
ogascarpm@amazonaws.com,BgHsSItAs,1 Caliangt Drive,227 739 3195,Oliver Gascar
ashrawleypn@digg.com,K4i9dTUZV,8 Village Avenue,978 522 9710,Anissa Shrawley
lbrimmicombepo@yandex.ru,t1TnE9Ruh,662 Stang Parkway,311 946 0530,Law Brimmicombe
cinsleypp@amazon.de,QMohK4927fcg,90 Memorial Junction,847 733 3180,Chandal Insley
kcraigspq@youtu.be,5IQsddfR3Wd,7 Blackbird Pass,809 677 5301,Kimberly Craigs
csmalleypr@rakuten.co.jp,f3opK4PRmR,1 Main Center,278 733 8260,Callie Smalley
mogilvieps@biblegateway.com,q5MQAx,3159 Birchwood Avenue,865 528 9742,Millard Ogilvie
wyurasovpt@ca.gov,q9HCgo,6 Rowland Trail,103 701 0220,Weston Yurasov
ssatterlypu@google.es,9fAVXV,9 Northport Center,410 105 0421,Sapphire Satterly
dglasgowpv@chron.com,i9HRX8hv4,0750 Rusk Alley,104 762 5099,Davis Glasgow
mjosovitzpw@creativecommons.org,HRk6aKAVi,20 Village Court,591 865 8642,Mellisent Josovitz
gcogerpx@webeden.co.uk,ximAtR6G4jX,22893 Barnett Center,821 505 3562,Gerhard Coger
jhappertpy@dmoz.org,KdADuc2iHo,81477 Stang Junction,719 591 2919,Jennee Happert
eharrispz@bloglovin.com,BG3MnRNF,244 Bashford Street,958 491 2860,Edgar Harris
kboostq0@salon.com,hHCFiWVlSZsC,0925 Clarendon Crossing,893 813 2914,Kara Boost
ipashanq1@pbs.org,PNWZ7qBerxJB,5 Monterey Circle,804 283 0279,Idalina Pashan
pcondellq2@123-reg.co.uk,6xveGPA,83282 Texas Crossing,576 502 3481,Pierrette Condell
smacneishq3@cbslocal.com,df77krX43,18 Tennyson Drive,615 251 2413,Sybyl MacNeish
srevenq4@vistaprint.com,5zcPaDup,67 Almo Drive,465 329 5840,Shaine Reven
tcudbirdq5@booking.com,EKXOguY05th,3 Sundown Center,611 553 5756,Thebault Cudbird
mworlidgeq6@taobao.com,0FuEJz9,2 Eggendart Way,825 715 7948,Marin Worlidge
bgrimmolbyq7@a8.net,6KGE9b6UW,451 Westend Plaza,737 858 3306,Brandea Grimmolby
rdenisyukq8@furl.net,1hI46q,5 Packers Plaza,460 341 5046,Ravi Denisyuk
kbastardq9@geocities.jp,CY7ws32V,980 Tennyson Junction,587 930 6963,Katti Bastard
bgotterqa@apache.org,bzBtTkyAsu,7 Twin Pines Street,206 931 0574,Booth Gotter
rlockeryqb@dion.ne.jp,S74njx,94384 Loomis Plaza,512 569 5193,Robinette Lockery
vmachelqc@google.cn,m2sbrPOG33,56 Saint Paul Hill,733 530 8604,Vania Machel
mgullyesqd@cyberchimps.com,ZfvXLjMAOal,25370 Golf Terrace,654 397 5047,Malvin Gullyes
kpersianqe@cbc.ca,DpQtDy,2442 Marquette Pass,245 819 5426,Kellen Persian
cbrummellqf@mozilla.com,YFNF67ERMe,949 Holy Cross Circle,228 120 5543,Chevalier Brummell
blarventqg@netscape.com,TruW41fjxoZ,96 Menomonie Terrace,980 857 9564,Bethena Larvent
nscurlockqh@un.org,xCIBqPMu,5 Fieldstone Road,412 475 8151,Nicole Scurlock
mcreanqi@macromedia.com,VviJYhcRE,0 Morningstar Pass,722 172 2300,Maryanne Crean
gdownageqj@alexa.com,vbinYlBn,86 Del Sol Junction,348 202 4524,Gran Downage
lkeoughqk@amazon.co.uk,nqPU0aa6,91 Jana Center,189 267 0830,Latia Keough
edjurisicql@aol.com,hDwBwqa23lMq,0 Superior Place,316 148 1872,Elaina Djurisic
cwriterqm@wikimedia.org,BlDQsj3,62786 Spenser Center,558 719 9295,Cass Writer
tpellingarqn@vk.com,GCkcBkHr,286 Hoffman Lane,478 200 8679,Tonia Pellingar
gdyteqo@sogou.com,kEQhpDmUe0,36078 Ryan Road,117 540 4245,Gabriele Dyte
pbellardqp@people.com.cn,2NkXetM,4726 Sherman Court,244 849 4664,Peder Bellard
fharfootqq@t.co,oXbg8B,620 Johnson Junction,551 847 5919,Fidelia Harfoot
qhursthouseqr@discovery.com,h4DFfvaKurOe,6 Brickson Park Place,621 767 7030,Quinn Hursthouse
ccalwellqs@google.com.au,fOzrLe3QeiYx,315 Upham Center,289 384 4852,Caroljean Calwell
rgouldthorpqt@usa.gov,T4RmD7ixEWhu,5 Fordem Terrace,754 868 6246,Roseline Gouldthorp
railsburyqu@delicious.com,Hvdvu2KPYSOI,72544 Dorton Street,746 357 5650,Robers Ailsbury
lhirtzqv@biblegateway.com,1lFKkM0cXOKa,281 Mockingbird Point,506 554 2873,Langston Hirtz
fthrossellqw@accuweather.com,YgUIA6zhg,5 Maywood Alley,266 465 2350,Frieda Throssell
hscoulerqx@abc.net.au,tqPgLl29d,077 Straubel Plaza,921 244 0939,Hilton Scouler
dmuckloqy@squidoo.com,UrCMpWy,14 Carpenter Hill,685 201 4176,Dorri Mucklo
ebrobeckqz@acquirethisname.com,HZ3d4gB,57303 Russell Plaza,801 497 8834,Efrem Brobeck
apykermanr0@shareasale.com,LkcEWoDzon,8325 Tennessee Terrace,233 154 5689,Antoni Pykerman
cjollandr1@netvibes.com,7a0eedyxP5a,3 Loftsgordon Hill,785 636 9857,Charla Jolland
cfinneyr2@123-reg.co.uk,jZhARV,5033 Westerfield Lane,918 209 7604,Chandler Finney
qhotchkinr3@photobucket.com,q3NO84Z,86562 Village Green Road,787 925 8958,Quintana Hotchkin
fspurrittr4@cnet.com,e9alR2y,12609 Mariners Cove Circle,122 354 0909,Florance Spurritt
mreiglarr5@constantcontact.com,6ph9IdFyL,91 Rockefeller Terrace,224 687 1117,Melanie Reiglar
njakesr6@pen.io,2nf0sgT,66 Butterfield Crossing,479 797 9378,Noble Jakes
lplasterr7@about.com,3yND0JftEJUB,2 Sutherland Drive,101 532 3897,Lena Plaster
bsansomr8@jigsy.com,9SnvioT,401 Hollow Ridge Trail,723 764 0689,Benedikta Sansom
cjaysr9@bbb.org,GHKPyxuKpVqf,5 Shasta Street,407 251 1806,Camila Jays
tmaskelynera@google.com,ID9297vB5P,639 Carpenter Center,404 996 0317,Tedda Maskelyne
jseinerb@wsj.com,RNt4fHqlgdu,29334 Hovde Junction,977 459 7194,Jeramie Seine
chuzzayrc@webmd.com,wTfwMshi0bU8,27138 Cambridge Court,514 396 6036,Coleen Huzzay
sbatchelourrd@ustream.tv,sKLV6MWElW,621 Daystar Circle,989 694 3229,Samuel Batchelour
ndehmelre@drupal.org,mW3KiaaGtx1E,1218 Rusk Hill,433 247 2571,Nata Dehmel
wiorillorf@mozilla.org,ZRw8l6XYY,2869 Union Crossing,405 738 7741,Wilhelmina Iorillo
malphegerg@illinois.edu,ZcqShU5IJJ27,5 Portage Terrace,410 714 0594,Mala Alphege
gstraneorh@japanpost.jp,PEp3npaXPt,74116 Comanche Avenue,763 208 4930,Granny Straneo
igoodouneri@va.gov,3BY43BgTrRh,24 Sutherland Street,597 775 7232,Izak Goodoune
riornsrj@intel.com,4sZ2oHW,71 Hintze Alley,471 737 7791,Roanne Iorns
ddonaherrk@hc360.com,ntCYBGoK9tJb,304 Fulton Alley,586 244 3630,Dulsea Donaher
mgaymerrl@facebook.com,E3YythouV,1837 Northwestern Hill,441 554 6383,Mendy Gaymer
ablackeslandrm@google.com.au,kGPZNat6GF3,8715 Sauthoff Alley,844 242 2867,Ade Blackesland
acudmorern@usa.gov,8WPJgb7xHDRZ,699 Milwaukee Crossing,210 666 2788,Aldrich Cudmore
adenisovichro@mac.com,dC6WC2I7j,1502 Walton Way,489 824 8268,Alva Denisovich
elorainrp@usnews.com,kzN9qf6TyJt,05114 Northridge Road,700 174 5523,Eva Lorain
dhucklesbyrq@sina.com.cn,Xj61wmn,9123 Aberg Way,650 910 9697,Dun Hucklesby
ckalischrr@opensource.org,01Lllx,63 Bartelt Avenue,333 799 8547,Cathie Kalisch
